asin,date,daily_salesrank,解像度,サイズ,価格,ズーム性能,カテゴリ
B007410K80,2023/1/1,150691,25,15,26,17,82
B007410K80,2023/1/2,176791,22,11,30,18,86
B007410K80,2023/1/3,206185,24,20,28,19,83
B007410K80,2023/1/4,240904,25,16,24,18,83
B007410K80,2023/1/5,259090,29,17,34,19,79
B007410K80,2023/1/6,274823,26,14,27,18,76
B007410K80,2023/1/7,284059,25,17,35,18,76
B007410K80,2023/1/8,292818,19,20,31,22,86
B007410K80,2023/1/9,303484,25,19,24,21,90
B007410K80,2023/1/10,308860,28,17,28,15,78
B007410K80,2023/1/11,38955,30,12,23,16,70
B007410K80,2023/1/12,107609,28,19,29,22,73
B007410K80,2023/1/13,142249,35,17,29,16,74
B007410K80,2023/1/14,167254,24,16,26,21,76
B007410K80,2023/1/15,189966,27,18,33,19,85
B007410K80,2023/1/16,227994,27,13,28,21,80
B007410K80,2023/1/17,242647,28,18,29,15,82
B007410K80,2023/1/18,70142,25,15,23,16,71
B007410K80,2023/1/19,122832,25,14,21,19,77
B007410K80,2023/1/20,156674,24,14,29,12,76
B007410K80,2023/1/21,47658,23,15,27,17,81
B007410K80,2023/1/22,91799,22,16,31,17,78
B007410K80,2023/1/23,150151,24,14,29,18,81
B007410K80,2023/1/24,,30,17,27,16,71
B007410K80,2023/1/25,53862,30,14,28,15,71
B007410K80,2023/1/26,92339,28,16,23,15,71
B007410K80,2023/1/27,126796,24,10,27,15,69
B007410K80,2023/1/28,147905,30,8,31,23,84
B007410K80,2023/1/29,170440,29,13,28,26,80
B007410K80,2023/1/30,196903,28,14,31,19,84
B007410K80,2023/1/31,218141,37,13,33,17,79
B007410K80,2023/2/1,226095,29,13,29,17,70
B007410K80,2023/2/2,39856,28,21,29,16,82
B007410K80,2023/2/3,62829,26,19,23,18,77
B007410K80,2023/2/4,96587,24,15,35,21,84
B007410K80,2023/2/5,132791,25,20,29,25,89
B007410K80,2023/2/6,163312,28,16,30,21,86
B007410K80,2023/2/7,176296,32,15,31,18,83
B007410K80,2023/2/8,195772,24,13,36,17,89
B007410K80,2023/2/9,202835,28,15,31,12,81
B007410K80,2023/2/10,212612,24,13,30,16,75
B007410K80,2023/2/11,218822,23,21,31,20,85
B007410K80,2023/2/12,227277,25,21,30,20,86
B007410K80,2023/2/13,240442,27,14,30,18,88
B007410K80,2023/2/14,247507,27,12,28,19,81
B007410K80,2023/2/15,253293,30,16,32,16,84
B007410K80,2023/2/16,259513,27,15,23,16,83
B007410K80,2023/2/17,262086,27,15,26,17,71
B007410K80,2023/2/18,267391,27,19,36,15,88
B007410K80,2023/2/19,271240,28,17,33,21,96
B007410K80,2023/2/20,279441,30,12,33,21,83
B007410K80,2023/2/21,,29,15,27,17,86
B007410K80,2023/2/22,,31,14,34,19,89
B007410K80,2023/2/23,287946,31,14,28,23,91
B007410K80,2023/2/24,,26,15,27,18,85
B007410K80,2023/2/25,,23,18,32,16,90
B007410K80,2023/2/26,305146,25,16,34,18,95
B007410K80,2023/2/27,29482,32,14,25,19,84
B007410K80,2023/2/28,27574,22,16,32,15,91
B007410K80,2023/3/1,27574,28,13,25,17,84
B007410K80,2023/3/2,101632,22,14,29,17,85
B007410K80,2023/3/3,44500,27,16,25,19,84
B007410K80,2023/3/4,55646,28,15,33,23,89
B007410K80,2023/3/5,102460,25,18,32,21,92
B007410K80,2023/3/6,71337,29,21,30,22,86
B007410K80,2023/3/7,81736,31,17,31,24,98
B007410K80,2023/3/8,132997,28,19,30,18,96
B007410K80,2023/3/9,156762,26,15,25,19,83
B007410K80,2023/3/10,173987,21,17,21,18,79
B007410K80,2023/3/11,227842,21,14,30,26,76
B007410K80,2023/3/12,240697,29,19,27,23,85
B007410K80,2023/3/13,250777,26,12,29,19,90
B007410K80,2023/3/14,255450,24,16,22,17,85
B007410K80,2023/3/15,261936,29,11,31,20,97
B007410K80,2023/3/16,269094,27,12,25,16,82
B007410K80,2023/3/17,31494,29,17,28,16,88
B007410K80,2023/3/18,79273,20,15,32,21,79
B007410K80,2023/3/19,125320,23,14,33,24,92
B007410K80,2023/3/20,23330,29,21,31,19,82
B007410K80,2023/3/21,69347,18,19,31,20,82
B007410K80,2023/3/22,93621,23,18,27,17,70
B007410K80,2023/3/23,130258,25,16,24,19,77
B007410K80,2023/3/24,153180,26,13,29,19,75
B007410K80,2023/3/25,170858,29,14,28,23,82
B007410K80,2023/3/26,16760,23,12,28,16,86
B007410K80,2023/3/27,24937,24,19,29,18,84
B007410K80,2023/3/28,46289,24,16,24,19,84
B007410K80,2023/3/29,76678,31,17,26,17,93
B007410K80,2023/3/30,108710,27,19,24,18,92
B007410K80,2023/3/31,117533,22,19,29,13,86
B007410K80,2023/4/1,161712,20,21,25,19,98
B007410K80,2023/4/2,185167,27,21,32,20,99
B007410K80,2023/4/3,188183,24,16,28,20,84
B007410K80,2023/4/4,212689,23,13,25,17,87
B007410K80,2023/4/5,216743,21,13,27,15,81
B007410K80,2023/4/6,33254,27,14,21,18,85
B007410K80,2023/4/7,80794,25,17,25,17,82
B007410K80,2023/4/8,121684,26,15,28,23,90
B007410K80,2023/4/9,156889,24,14,24,20,81
B007410K80,2023/4/10,40959,28,13,24,16,84
B007410K80,2023/4/11,92047,26,15,26,22,91
B007410K80,2023/4/12,127298,26,11,31,19,88
B007410K80,2023/4/13,25346,29,14,31,13,91
B007410K80,2023/4/14,42615,25,15,24,17,86
B007410K80,2023/4/15,91659,24,12,31,20,97
B007410K80,2023/4/16,127420,22,11,29,22,95
B007410K80,2023/4/17,157980,27,17,30,21,89
B007410K80,2023/4/18,184175,25,19,27,15,91
B007410K80,2023/4/19,201948,28,16,33,19,86
B007410K80,2023/4/20,211853,29,17,33,14,91
B007410K80,2023/4/21,221296,26,17,29,23,79
B007410K80,2023/4/22,223902,23,20,29,16,100
B007410K80,2023/4/23,235222,23,15,29,23,84
B007410K80,2023/4/24,245524,22,16,26,18,88
B007410K80,2023/4/25,19530,32,16,25,19,92
B007410K80,2023/4/26,19530,30,18,29,14,96
B007410K80,2023/4/27,90509,22,18,27,15,86
B007410K80,2023/4/28,115175,21,14,25,14,80
B007410K80,2023/4/29,131498,21,17,30,20,88
B007410K80,2023/4/30,168401,26,19,32,18,97
B007410K80,2023/5/1,190017,22,16,22,18,84
B007410K80,2023/5/2,42021,26,19,25,15,76
B007410K80,2023/5/3,58014,21,13,25,15,79
B007410K80,2023/5/4,111979,24,14,25,17,100
B007410K80,2023/5/5,43122,23,16,27,19,90
B007410K80,2023/5/6,30146,23,16,26,21,83
B007410K80,2023/5/7,104323,28,17,26,21,80
B007410K80,2023/5/8,136099,29,16,27,16,79
B007410K80,2023/5/9,158979,30,14,25,14,79
B007410K80,2023/5/10,187442,26,13,39,14,89
B007410K80,2023/5/11,201616,25,15,41,14,87
B007410K80,2023/5/12,214932,24,17,37,14,81
B007410K80,2023/5/13,221210,24,18,31,18,91
B007410K80,2023/5/14,234963,22,17,35,19,78
B007410K80,2023/5/15,242998,27,13,29,17,81
B007410K80,2023/5/16,31325,29,18,25,18,82
B007410K80,2023/5/17,67084,34,13,29,20,74
B007410K80,2023/5/18,90389,23,15,23,20,81
B007410K80,2023/5/19,131262,21,15,24,13,83
B007410K80,2023/5/20,162315,17,16,26,24,96
B007410K80,2023/5/21,187465,28,16,23,20,91
B007410K80,2023/5/22,212144,24,15,23,19,92
B007410K80,2023/5/23,220541,30,15,23,17,86
B007410K80,2023/5/24,237442,28,19,26,21,91
B007410K80,2023/5/25,246823,24,15,32,20,86
B007410K80,2023/5/26,252862,25,17,25,15,91
B007410K80,2023/5/27,259197,21,16,34,27,82
B007410K80,2023/5/28,262398,24,17,29,21,90
B007410K80,2023/5/29,267909,25,17,28,18,81
B007410K80,2023/5/30,274594,24,16,21,21,81
B007410K80,2023/5/31,278994,23,13,25,17,77
B007410K80,2023/6/1,47204,23,13,23,15,75
B007410K80,2023/6/2,32760,22,16,24,14,73
B007410K80,2023/6/3,75461,20,14,28,20,78
B007410K80,2023/6/4,123903,21,15,27,16,98
B007410K80,2023/6/5,148283,20,16,29,19,82
B007410K80,2023/6/6,182995,23,13,24,19,82
B007410K80,2023/6/7,34952,27,12,25,17,82
B007410K80,2023/6/8,55306,26,15,24,14,72
B007410K80,2023/6/9,82359,23,17,26,14,78
B007410K80,2023/6/10,134435,22,18,24,16,81
B007410K80,2023/6/11,163177,24,18,31,17,83
B007410K80,2023/6/12,255145,28,18,29,15,74
B007410K80,2023/6/13,44852,29,18,30,21,73
B007410K80,2023/6/14,114977,24,20,24,18,70
B007410K80,2023/6/15,141416,33,18,23,11,79
B007410K80,2023/6/16,168918,20,16,21,16,67
B007410K80,2023/6/17,180477,21,15,23,13,80
B007410K80,2023/6/18,216409,16,21,25,16,82
B007410K80,2023/6/19,234145,27,19,23,18,75
B007410K80,2023/6/20,66474,26,14,23,13,64
B007410K80,2023/6/21,90143,27,16,29,17,82
B007410K80,2023/6/22,144983,28,14,30,18,76
B007410K80,2023/6/23,151051,22,15,28,12,73
B007410K80,2023/6/24,205071,20,17,27,17,70
B007410K80,2023/6/25,219502,22,17,26,20,81
B007410K80,2023/6/26,224159,21,14,26,17,77
B007410K80,2023/6/27,84340,26,12,22,15,81
B007410K80,2023/6/28,,23,14,21,12,72
B007410K80,2023/6/29,160465,27,14,25,16,70
B007410K80,2023/6/30,180333,27,15,21,12,70
B007410K80,2023/7/1,196640,22,16,26,15,74
B007410K80,2023/7/2,217374,21,16,23,16,65
B007410K80,2023/7/3,225777,24,18,28,16,77
B007410K80,2023/7/4,250773,28,16,24,18,74
B007410K80,2023/7/5,258277,30,14,25,13,78
B007410K80,2023/7/6,263088,25,16,26,14,68
B007410K80,2023/7/7,271634,22,10,23,14,66
B007410K80,2023/7/8,273034,25,17,27,16,79
B007410K80,2023/7/9,275628,20,18,23,13,81
B007410K80,2023/7/10,282050,25,15,23,18,70
B007410K80,2023/7/11,60271,24,15,27,15,77
B007410K80,2023/7/12,101878,28,18,26,18,83
B007410K80,2023/7/13,172449,30,13,26,18,65
B007410K80,2023/7/14,211997,25,11,20,14,78
B007410K80,2023/7/15,239621,17,15,17,19,67
B007410K80,2023/7/16,39915,21,15,25,24,77
B007410K80,2023/7/17,68314,20,13,22,19,70
B007410K80,2023/7/18,119646,29,15,23,15,68
B007410K80,2023/7/19,176057,24,13,27,17,75
B007410K80,2023/7/20,200474,26,15,25,14,72
B007410K80,2023/7/21,51170,23,15,24,12,67
B007410K80,2023/7/22,100688,22,14,30,19,73
B007410K80,2023/7/23,149292,27,14,25,15,81
B007410K80,2023/7/24,169900,24,12,24,18,70
B007410K80,2023/7/25,193656,24,17,26,13,74
B007410K80,2023/7/26,219487,28,15,25,14,69
B007410K80,2023/7/27,234833,25,10,22,14,72
B007410K80,2023/7/28,73801,20,15,19,15,74
B007410K80,2023/7/29,81121,26,9,23,15,75
B007410K80,2023/7/30,41282,21,19,27,18,83
B007410K80,2023/7/31,93516,29,12,20,15,70
B007410K80,2023/8/1,133697,24,13,28,15,82
B007410K80,2023/8/2,50838,26,12,23,15,80
B007410K80,2023/8/3,96022,29,16,30,18,78
B007410K80,2023/8/4,21914,29,16,24,14,75
B007410K80,2023/8/5,,20,11,24,15,78
B007410K80,2023/8/6,34312,23,13,26,14,76
B007410K80,2023/8/7,102081,27,10,24,17,75
B007410K80,2023/8/8,11742,28,14,20,15,70
B007410K80,2023/8/9,53828,26,12,24,13,71
B007410K80,2023/8/10,61243,26,13,26,12,82
B007410K80,2023/8/11,93532,24,14,23,17,78
B007410K80,2023/8/12,30446,23,14,26,18,77
B007410K80,2023/8/13,68486,19,11,23,11,75
B007410K80,2023/8/14,114870,18,14,24,13,73
B007410K80,2023/8/15,140925,22,13,22,18,72
B007410K80,2023/8/16,30095,30,15,23,16,77
B007410K80,2023/8/17,67887,29,15,20,13,64
B007410K80,2023/8/18,111439,23,19,20,11,70
B007410K80,2023/8/19,138913,23,16,23,20,77
B007410K80,2023/8/20,163242,23,14,23,17,72
B007410K80,2023/8/21,181271,20,12,22,17,76
B007410K80,2023/8/22,199281,22,16,21,14,76
B007410K80,2023/8/23,208429,25,14,22,12,70
B007410K80,2023/8/24,213551,28,14,24,13,78
B007410K80,2023/8/25,219022,28,14,28,15,77
B007410K80,2023/8/26,223720,25,13,20,17,80
B007410K80,2023/8/27,230861,21,21,24,14,86
B007410K80,2023/8/28,237301,26,15,18,16,74
B007410K80,2023/8/29,242735,24,19,23,15,84
B007410K80,2023/8/30,246583,28,18,26,20,83
B007410K80,2023/8/31,253006,28,14,28,23,89
B007410K80,2023/9/1,257087,16,8,16,12,45
B007410K80,2023/9/2,265409,15,8,14,11,49
B007410K80,2023/9/3,272993,16,9,14,12,48
B007410K80,2023/9/4,283855,13,8,20,13,46
B007410K80,2023/9/5,291715,13,7,16,10,45
B007410K80,2023/9/6,296476,16,8,14,8,47
B007410K80,2023/9/7,300044,12,9,16,10,47
B007410K80,2023/9/8,301846,14,8,13,11,44
B007410K80,2023/9/9,302890,17,8,16,12,48
B007410K80,2023/9/10,304533,13,7,18,14,56
B007410K80,2023/9/11,308147,16,8,16,11,50
B007410K80,2023/9/12,311977,24,7,19,17,100
B007410K80,2023/9/13,29673,29,10,25,24,52
B007410K80,2023/9/14,75370,21,10,20,18,49
B007410K80,2023/9/15,132603,20,11,23,16,45
B007410K80,2023/9/16,162985,16,11,21,15,53
B007410K80,2023/9/17,201868,17,11,17,16,53
B007410K80,2023/9/18,231034,15,13,22,18,51
B007410K80,2023/9/19,255744,20,8,16,11,50
B007410K80,2023/9/20,276342,20,10,22,13,53
B007410K80,2023/9/21,288280,23,10,23,14,53
B007410K80,2023/9/22,300404,20,9,22,14,49
B007410K80,2023/9/23,306308,21,8,20,16,52
B007410K80,2023/9/24,39728,18,6,22,20,55
B007410K80,2023/9/25,71917,18,12,19,18,53
B007410K80,2023/9/26,128956,19,8,23,17,51
B007410K80,2023/9/27,165015,20,10,20,13,48
B007410K80,2023/9/28,42377,18,11,19,15,51
B007410K80,2023/9/29,68377,22,7,18,21,70
B007410K80,2023/9/30,112034,17,10,19,18,56
B007410K80,2023/10/1,149375,18,11,19,19,52
B007410K80,2023/10/2,193122,15,9,19,12,53
B007410K80,2023/10/3,221500,18,8,14,11,45
B007410K80,2023/10/4,35127,21,12,19,13,49
B007410K80,2023/10/5,28737,18,9,21,10,62
B007410K80,2023/10/6,33196,17,9,17,14,56
B007410K80,2023/10/7,76284,14,9,18,16,58
B007410K80,2023/10/8,113399,17,12,23,16,55
B007410K80,2023/10/9,138845,17,8,20,16,53
B007410K80,2023/10/10,172981,17,9,18,15,47
B007410K80,2023/10/11,195514,16,10,18,12,53
B007410K80,2023/10/12,212293,18,9,19,11,47
B007410K80,2023/10/13,30308,17,7,18,12,46
B007410K80,2023/10/14,46866,17,12,17,15,55
B007410K80,2023/10/15,145316,14,9,17,18,53
B007410K80,2023/10/16,196587,17,7,17,12,51
B007410K80,2023/10/17,49994,18,12,14,13,45
B007410K80,2023/10/18,111890,19,9,16,11,50
B007410K80,2023/10/19,139918,18,8,17,11,50
B007410K80,2023/10/20,171622,16,10,16,11,47
B007410K80,2023/10/21,189730,16,10,15,16,55
B007410K80,2023/10/22,210311,19,10,15,11,60
B007410K80,2023/10/23,225416,15,9,17,15,50
B007410K80,2023/10/24,240484,20,11,18,13,47
B007410K80,2023/10/25,249865,19,11,15,14,50
B007410K80,2023/10/26,255674,15,8,18,12,48
B007410K80,2023/10/27,263159,17,13,18,10,54
B007410K80,2023/10/28,266519,12,10,17,13,56
B007410K80,2023/10/29,272785,17,9,17,16,61
B007410K80,2023/10/30,280512,16,11,18,14,57
B007410K80,2023/10/31,286000,19,8,16,12,44
B007410K80,2023/11/1,289377,16,8,18,13,51
B007410K80,2023/11/2,296154,20,11,16,9,51
B007410K80,2023/11/3,300641,16,9,17,14,51
B007410K80,2023/11/4,307219,14,9,18,13,58
B007410K80,2023/11/5,313378,13,8,17,15,55
B007410K80,2023/11/6,318322,15,10,17,12,53
B007410K80,2023/11/7,323357,17,8,18,10,62
B007410K80,2023/11/8,326315,17,9,20,14,53
B007410K80,2023/11/9,328708,18,8,17,8,52
B007410K80,2023/11/10,40609,16,9,14,12,50
B007410K80,2023/11/11,69244,13,10,17,12,51
B007410K80,2023/11/12,119469,14,9,19,14,46
B007410K80,2023/11/13,161702,17,6,17,11,45
B007410K80,2023/11/14,193914,17,10,15,11,48
B007410K80,2023/11/15,220396,15,7,14,10,54
B007410K80,2023/11/16,244175,17,7,14,8,47
B007410K80,2023/11/17,262345,11,6,16,9,41
B007410K80,2023/11/18,342554,16,9,16,13,46
B007410K80,2023/11/19,30752,15,8,17,12,50
B007410K80,2023/11/20,95370,18,10,12,11,52
B007410K80,2023/11/21,130309,19,10,14,10,47
B007410K80,2023/11/22,162356,15,10,16,9,45
B007410K80,2023/11/23,197550,18,8,18,13,50
B007410K80,2023/11/24,227744,14,9,17,10,51
B007410K80,2023/11/25,270821,15,8,18,11,50
B007410K80,2023/11/26,293957,17,11,17,14,58
B007410K80,2023/11/27,321354,21,10,18,12,55
B007410K80,2023/11/28,331767,19,10,17,11,53
B007410K80,2023/11/29,344977,16,9,18,11,46
B007410K80,2023/11/30,350876,19,10,15,12,50
B007410K80,2023/12/1,356178,17,8,15,11,46
B007410K80,2023/12/2,365974,13,6,19,13,49
B007410K80,2023/12/3,366652,17,8,20,11,48
B007410K80,2023/12/4,367004,19,10,15,10,47
B007410K80,2023/12/5,30911,19,10,16,10,51
B007410K80,2023/12/6,57115,15,8,14,12,47
B007410K80,2023/12/7,122301,16,8,17,9,44
B007410K80,2023/12/8,153782,14,9,15,11,49
B007410K80,2023/12/9,196082,14,8,17,12,53
B007410K80,2023/12/10,224107,14,8,17,12,50
B007410K80,2023/12/11,24909,17,7,17,9,48
B007410K80,2023/12/12,87041,15,10,18,10,47
B007410K80,2023/12/13,40118,17,9,15,10,48
B007410K80,2023/12/14,86533,17,7,15,8,44
B007410K80,2023/12/15,124203,18,8,15,12,42
B007410K80,2023/12/16,157699,15,7,16,14,47
B007410K80,2023/12/17,184016,15,10,20,12,51
B007410K80,2023/12/18,220440,17,9,15,13,43
B007410K80,2023/12/19,242471,16,9,15,10,43
B007410K80,2023/12/20,255072,13,6,11,9,38
B007410K80,2023/12/21,267346,14,7,10,9,39
B007410K80,2023/12/22,47009,16,9,12,9,40
B007410K80,2023/12/23,61269,17,11,15,13,46
B007410K80,2023/12/24,121651,14,9,14,9,43
B007410K80,2023/12/25,159063,14,9,12,9,42
B007410K80,2023/12/26,194206,16,5,15,10,44
B007410K80,2023/12/27,53540,13,7,14,10,34
B007410K80,2023/12/28,105843,11,4,12,11,36
B007410K80,2023/12/29,32722,15,8,11,9,36
B007410K80,2023/12/30,48207,9,5,14,12,36
B007410K80,2023/12/31,35733,10,8,10,7,40
B007410K80,2024/1/1,59775,21,16,20,15,68
B007410K80,2024/1/2,107342,20,18,32,19,71
B007410K80,2024/1/3,133832,22,10,28,14,74
B007410K80,2024/1/4,177490,21,16,22,17,63
B007410K80,2024/1/5,217484,28,18,22,19,71
B007410K80,2024/1/6,235352,14,18,29,23,75
B007410K80,2024/1/7,257676,22,19,25,20,69
B007410K80,2024/1/8,272134,24,15,23,18,73
B007410K80,2024/1/9,279886,28,13,23,18,66
B007410K80,2024/1/10,31760,24,15,19,14,69
B007410K80,2024/1/11,77275,30,13,25,18,67
B007410K80,2024/1/12,122489,28,16,22,14,70
B007410K80,2024/1/13,44483,20,18,29,20,74
B007410K80,2024/1/14,100150,23,16,25,19,75
B007410K80,2024/1/15,152671,21,17,25,18,80
B007410K80,2024/1/16,181013,26,16,24,20,72
B007410K80,2024/1/17,216561,26,15,21,22,71
B007410K80,2024/1/18,235316,28,14,24,21,76
B007410K80,2024/1/19,253015,20,14,24,19,65
B007410K80,2024/1/20,262125,28,12,22,17,71
B007410K80,2024/1/21,269455,22,19,21,19,74
B007410K80,2024/1/22,282609,25,15,22,16,73
B007410K80,2024/1/23,289718,29,11,24,15,74
B007410K80,2024/1/24,293779,27,13,20,18,74
B007410K80,2024/1/25,299457,27,13,23,14,69
B007410K80,2024/1/26,302765,24,15,20,12,73
B007410K80,2024/1/27,306093,27,15,22,18,86
B007410K80,2024/1/28,310186,26,14,24,16,86
B007410K80,2024/1/29,46276,28,15,21,22,84
B007410K80,2024/1/30,87618,27,18,22,12,80
B007410K80,2024/1/31,138822,29,12,28,17,77
B007410K80,2024/2/1,165248,26,10,29,21,81
B007410K80,2024/2/2,208268,26,14,21,19,69
B007410K80,2024/2/3,56340,18,15,24,21,79
B007410K80,2024/2/4,120475,26,17,27,23,78
B007410K80,2024/2/5,164896,25,12,22,13,73
B007410K80,2024/2/6,194673,27,8,18,11,79
B007410K80,2024/2/7,220697,29,13,26,14,78
B007410K80,2024/2/8,238953,28,15,22,17,77
B007410K80,2024/2/9,250531,22,14,22,17,81
B007410K80,2024/2/10,260364,19,14,29,22,87
B007410K80,2024/2/11,269637,19,13,24,20,87
B007410K80,2024/2/12,280303,25,20,26,20,86
B007410K80,2024/2/13,289413,24,14,22,21,69
B007410K80,2024/2/14,295359,26,15,25,24,82
B007410K80,2024/2/15,299490,29,15,29,17,77
B007410K80,2024/2/16,306361,27,14,23,18,77
B007410K80,2024/2/17,310344,23,14,26,26,79
B007410K80,2024/2/18,314458,27,13,19,24,94
B007410K80,2024/2/19,321357,24,11,25,17,75
B007410K80,2024/2/20,323757,27,19,28,15,83
B007410K80,2024/2/21,326989,26,13,27,20,88
B007410K80,2024/2/22,330281,22,17,26,15,86
B007410K80,2024/2/23,333872,26,15,26,20,85
B007410K80,2024/2/24,338066,22,16,29,22,90
B007410K80,2024/2/25,33642,23,14,28,24,86
B007410K80,2024/2/26,76606,30,14,25,21,82
B007410K80,2024/2/27,143316,25,16,25,18,84
B007410K80,2024/2/28,175771,28,12,26,19,75
B007410K80,2024/2/29,202755,26,14,20,17,70
B007410K80,2024/3/1,229304,26,15,15,19,75
B007410K80,2024/3/2,256263,20,8,27,21,72
B007410K80,2024/3/3,277385,23,12,21,23,82
B007410K80,2024/3/4,305419,30,13,27,16,79
B007410K80,2024/3/5,41459,26,13,21,22,71
B007410K80,2024/3/6,57520,30,16,31,22,78
B007410K80,2024/3/7,122232,24,16,27,22,81
B007410K80,2024/3/8,168984,24,15,20,21,83
B007410K80,2024/3/9,196614,25,17,26,21,92
B007410K80,2024/3/10,224702,20,14,31,30,95
B007410K80,2024/3/11,250669,26,16,27,19,85
B007410K80,2024/3/12,270067,33,19,23,16,82
B007410K80,2024/3/13,284367,32,15,22,21,83
B007410K80,2024/3/14,294324,20,17,22,20,78
B007410K80,2024/3/15,302172,24,15,21,19,85
B007410K80,2024/3/16,307262,30,13,30,25,88
B007410K80,2024/3/17,313300,24,10,25,27,93
B007410K80,2024/3/18,319171,29,15,25,20,87
B007410K80,2024/3/19,325432,30,14,23,20,88
B007410K80,2024/3/20,329392,21,14,34,22,86
B007410K80,2024/3/21,336242,24,13,24,17,82
B007410K80,2024/3/22,338691,27,15,25,15,89
B007410K80,2024/3/23,342200,28,17,22,19,91
B007410K80,2024/3/24,345202,18,14,27,21,93
B007410K80,2024/3/25,349664,21,18,19,15,81
B007410K80,2024/3/26,353043,22,17,26,15,82
B007410K80,2024/3/27,355460,26,11,27,17,87
B007410K80,2024/3/28,357396,27,15,22,20,88
B007410K80,2024/3/29,358947,28,13,22,18,82
B007410K80,2024/3/30,363449,22,14,21,24,80
B007410K80,2024/3/31,367850,19,18,22,20,91
B007410K80,2024/4/1,372722,27,14,23,17,84
B007410K80,2024/4/2,376769,31,16,24,20,78
B007410K80,2024/4/3,379850,20,10,21,18,77
B007410K80,2024/4/4,381918,27,12,25,18,80
B007410K80,2024/4/5,384140,14,16,24,18,86
B007410K80,2024/4/6,384350,25,11,25,20,87
B007410K80,2024/4/7,387339,21,12,29,23,100
B007410K80,2024/4/8,388413,29,19,23,19,90
B007410K80,2024/4/9,387685,24,17,23,19,90
B007410K80,2024/4/10,386298,23,15,20,20,80
B007410K80,2024/4/11,44859,24,15,16,9,74
B007410K80,2024/4/12,105884,23,15,18,18,85
B007410K80,2024/4/13,149287,26,18,23,20,95
B007410K80,2024/4/14,187878,25,20,21,22,98
B007410K80,2024/4/15,221037,26,14,21,20,93
B007410K80,2024/4/16,252517,29,22,25,22,88
B007410K80,2024/4/17,275902,32,11,18,16,82
B007410K80,2024/4/18,294047,28,17,26,17,82
B007410K80,2024/4/19,305021,28,17,20,15,91
B007410K80,2024/4/20,317151,23,15,22,18,94
B007410K80,2024/4/21,326052,24,14,21,23,97
B007410K80,2024/4/22,335221,27,16,22,22,80
B007410K80,2024/4/23,340139,27,14,27,17,83
B007410K80,2024/4/24,345560,26,15,23,18,87
B007410K80,2024/4/25,349364,26,12,21,19,81
B007410K80,2024/4/26,352698,28,13,27,18,76
B007410K80,2024/4/27,354983,21,17,20,17,96
B007410K80,2024/4/28,357196,23,18,22,22,97
B007410K80,2024/4/29,360137,22,16,25,18,97
B007410K80,2024/4/30,362235,25,19,30,22,87
B007410K80,2024/5/1,364605,27,17,21,17,85
B007410K80,2024/5/2,368212,27,12,18,18,90
B007410K80,2024/5/3,371014,25,15,20,20,92
B007410K80,2024/5/4,373639,21,15,22,21,86
B007410K80,2024/5/5,36364,23,14,22,22,88
B007410K80,2024/5/6,67966,25,13,25,21,99
B007410K80,2024/5/7,139444,26,17,24,15,83
B007410K80,2024/5/8,34521,27,13,22,24,76
B007410K80,2024/5/9,62414,27,16,25,18,87
B007410K80,2024/5/10,119657,29,12,20,18,82
B007410K80,2024/5/11,156383,21,15,25,21,100
B007410K80,2024/5/12,188975,23,19,27,20,93
B007410K80,2024/5/13,48864,29,15,21,24,83
B007410K80,2024/5/14,109568,24,13,23,21,82
B007410K80,2024/5/15,147601,21,17,22,18,88
B007410K80,2024/5/16,177776,27,16,29,19,89
B007410K80,2024/5/17,197787,27,16,22,21,81
B007410K80,2024/5/18,225252,15,14,27,21,94
B007410K80,2024/5/19,244122,26,17,25,23,92
B007410K80,2024/5/20,259847,28,14,26,20,91
B007410K80,2024/5/21,269200,20,16,17,19,78
B007410K80,2024/5/22,277578,27,16,26,11,84
B007410K80,2024/5/23,282414,21,13,30,17,86
B007410K80,2024/5/24,,28,16,30,22,84
B007410K80,2024/5/25,,18,22,25,23,100
B007410K80,2024/5/26,88531,21,12,26,22,83
B007410K80,2024/5/27,120899,25,20,25,15,82
B007410K80,2024/5/28,162189,23,16,25,14,83
B007410K80,2024/5/29,192161,25,14,26,16,80
B007410K80,2024/5/30,221835,27,10,19,17,75
B007410K80,2024/5/31,238697,23,12,20,11,77
B007410K80,2024/6/1,255370,21,11,22,24,85
B007410K80,2024/6/2,273412,21,16,24,20,79
B007410K80,2024/6/3,289164,28,12,30,18,83
B007410K80,2024/6/4,304637,24,13,23,17,80
B007410K80,2024/6/5,308198,26,12,15,17,78
B007410K80,2024/6/6,315865,24,16,21,15,78
B007410K80,2024/6/7,30586,24,18,17,17,80
B007410K80,2024/6/8,30644,21,11,26,19,84
B007410K80,2024/6/9,51277,21,20,21,20,91
B007410K80,2024/6/10,104700,27,14,25,16,81
B007410K80,2024/6/11,141863,25,16,18,20,83
B007410K80,2024/6/12,168334,22,18,25,17,67
B007410K80,2024/6/13,38295,27,14,20,19,73
B007410K80,2024/6/14,88227,26,15,21,16,76
B007410K80,2024/6/15,123841,18,13,16,11,69
B007410K80,2024/6/16,167046,19,12,17,20,88
B007410K80,2024/6/17,47185,23,15,24,16,84
B007410K80,2024/6/18,88959,28,13,25,14,82
B007410K80,2024/6/19,133790,30,18,20,15,78
B007410K80,2024/6/20,164866,26,8,21,10,68
B007410K80,2024/6/21,196481,24,13,22,13,76
B007410K80,2024/6/22,209497,20,21,29,13,82
B007410K80,2024/6/23,231154,24,13,26,19,83
B007410K80,2024/6/24,48318,23,18,21,17,72
B007410K80,2024/6/25,28370,22,16,19,14,78
B007410K80,2024/6/26,51866,26,12,20,18,77
B007410K80,2024/6/27,108402,29,14,22,16,63
B007410K80,2024/6/28,135075,25,15,23,13,70
B007410K80,2024/6/29,172942,20,14,24,12,66
B007410K80,2024/6/30,197364,22,16,22,16,78
B007410K80,2024/7/1,246238,22,14,23,15,71
B007410K80,2024/7/2,262985,28,14,22,14,74
B007410K80,2024/7/3,279609,31,14,19,10,76
B007410K80,2024/7/4,291986,24,17,20,16,67
B007410K80,2024/7/5,35561,28,16,21,13,68
B007410K80,2024/7/6,47306,19,14,21,14,74
B007410K80,2024/7/7,102250,24,14,17,15,75
B007410K80,2024/7/8,146944,23,12,18,13,80
B007410K80,2024/7/9,33555,20,13,24,15,73
B007410K80,2024/7/10,59066,23,11,17,17,64
B007410K80,2024/7/11,36555,27,14,22,12,66
B007410K80,2024/7/12,27567,18,13,14,11,67
B007410K80,2024/7/13,52134,19,15,23,15,79
B007410K80,2024/7/14,99296,23,13,18,14,76
B007410K80,2024/7/15,144552,27,14,15,17,81
B007410K80,2024/7/16,58660,24,18,23,16,77
B007410K80,2024/7/17,119538,23,16,22,15,83
B007410K80,2024/7/18,169328,24,10,21,8,71
B007410K80,2024/7/19,203921,25,14,19,8,72
B007410K80,2024/7/20,221602,19,16,22,16,80
B007410K80,2024/7/21,233373,24,11,19,24,91
B007410K80,2024/7/22,239361,27,16,22,13,71
B007410K80,2024/7/23,249157,23,14,21,15,70
B007410K80,2024/7/24,262688,22,12,20,11,66
B007410K80,2024/7/25,267157,24,14,23,14,66
B007410K80,2024/7/26,278228,25,13,18,13,67
B007410K80,2024/7/27,282892,15,13,20,15,65
B007410K80,2024/7/28,288935,18,13,23,13,61
B007410K80,2024/7/29,299382,25,12,24,16,65
B007410K80,2024/7/30,304847,22,10,19,16,70
B007410K80,2024/7/31,310019,26,12,18,12,62
B007410K80,2024/8/1,40617,24,12,15,14,69
B007410K80,2024/8/2,88572,19,10,20,13,65
B007410K80,2024/8/3,135974,21,19,20,14,81
B007410K80,2024/8/4,182353,20,19,17,15,73
B007410K80,2024/8/5,212630,23,16,12,10,70
B007410K80,2024/8/6,238879,24,15,17,10,66
B007410K80,2024/8/7,265917,20,11,19,16,73
B007410K80,2024/8/8,283416,18,12,21,12,68
B007410K80,2024/8/9,298060,24,10,17,11,57
B007410K80,2024/8/10,304333,20,17,17,11,69
B007410K80,2024/8/11,312375,20,10,20,15,68
B007410K80,2024/8/12,35899,21,15,22,16,80
B007410K80,2024/8/13,100413,19,10,15,10,60
B007410K80,2024/8/14,32574,21,16,26,15,67
B007410K80,2024/8/15,32247,21,9,21,15,70
B007410K80,2024/8/16,45933,23,13,24,14,70
B007410K80,2024/8/17,104077,23,11,24,14,67
B007410K80,2024/8/18,138732,16,19,23,18,78
B007410K80,2024/8/19,159046,25,17,18,14,78
B007410K80,2024/8/20,213055,20,13,21,13,85
B007410K80,2024/8/21,223941,26,15,19,14,75
B007410K80,2024/8/22,252169,23,11,17,15,78
B007410K80,2024/8/23,260760,21,14,21,13,54
B007410K80,2024/8/24,270925,21,14,22,17,65
B007410K80,2024/8/25,277051,18,14,22,15,70
B007410K80,2024/8/26,288363,20,15,19,16,67
B007410K80,2024/8/27,294425,29,15,17,11,66
B007410K80,2024/8/28,300601,24,13,24,14,66
B007410K80,2024/8/29,306359,23,13,22,14,63
B007410K80,2024/8/30,57833,24,14,18,8,68
B007410K80,2024/8/31,81783,32,13,24,14,73
B007410K80,2024/9/1,158322,19,15,22,17,73
B007410K80,2024/9/2,194146,29,13,20,16,70
B007410K80,2024/9/3,234474,25,18,21,18,68
B007410K80,2024/9/4,262888,25,14,20,11,68
B007410K80,2024/9/5,53711,21,14,21,10,71
B007410K80,2024/9/6,118050,20,14,19,15,68
B007410K80,2024/9/7,134265,23,15,19,15,78
B007410K80,2024/9/8,28878,25,17,25,20,92
B007410K80,2024/9/9,88875,27,17,26,23,75
B007410K80,2024/9/10,109092,33,13,41,31,68
B007410K80,2024/9/11,165184,26,14,27,24,73
B007410K80,2024/9/12,193983,30,18,25,19,80
B007410K80,2024/9/13,218842,26,11,28,18,74
B007410K80,2024/9/14,266497,25,18,31,23,80
B007410K80,2024/9/15,281903,23,19,30,26,83
B007410K80,2024/9/16,289778,19,16,27,18,88
B007410K80,2024/9/17,299479,30,12,22,23,90
B007410K80,2024/9/18,312235,34,16,26,19,79
B007410K80,2024/9/19,56133,24,12,21,26,77
B007410K80,2024/9/20,92469,26,11,23,22,68
B007410K80,2024/9/21,42835,29,16,34,20,84
B007410K80,2024/9/22,42835,26,17,30,27,88
B007410K80,2024/9/23,127425,29,16,31,23,83
B007410K80,2024/9/24,174822,28,12,22,21,75
B007410K80,2024/9/25,200036,24,12,23,17,76
B007410K80,2024/9/26,228496,29,14,25,13,79
B007410K80,2024/9/27,249565,25,11,25,24,64
B007410K80,2024/9/28,269067,26,12,27,29,76
B007410K80,2024/9/29,286160,21,13,31,26,83
B007410K80,2024/9/30,291756,23,10,23,15,74
B007410K80,2024/10/1,309877,26,13,14,16,69
B007410K80,2024/10/2,43022,26,17,25,17,79
B007410K80,2024/10/3,80090,23,16,21,16,73
B007410K80,2024/10/4,104572,25,15,25,17,75
B007410K80,2024/10/5,172986,22,16,23,32,90
B007410K80,2024/10/6,188346,25,11,24,23,81
B007410K80,2024/10/7,243155,22,14,27,22,79
B007410K80,2024/10/8,257071,31,14,24,17,84
B007410K80,2024/10/9,289065,26,12,22,17,69
B007410K80,2024/10/10,298717,22,11,24,19,75
B007410K80,2024/10/11,50742,29,11,18,24,76
B007410K80,2024/10/12,61789,23,15,23,21,90
B007410K80,2024/10/13,120012,19,16,26,20,100
B007410K80,2024/10/14,175743,23,15,25,26,92
B007410K80,2024/10/15,210290,25,13,23,20,85
B007410K80,2024/10/16,243234,29,15,27,15,82
B007410K80,2024/10/17,260277,25,12,22,19,74
B007410K80,2024/10/18,284607,25,12,25,19,79
B007410K80,2024/10/19,311153,22,14,24,28,93
B007410K80,2024/10/20,332253,27,20,20,25,93
B007410K80,2024/10/21,351212,27,14,20,19,73
B007410K80,2024/10/22,369629,27,16,23,13,71
B007410K80,2024/10/23,372394,31,16,23,18,77
B007410K80,2024/10/24,376701,27,12,25,14,78
B007410K80,2024/10/25,377347,23,13,18,11,76
B007410K80,2024/10/26,377541,22,12,26,24,90
B007410K80,2024/10/27,376718,22,9,19,19,75
B007410K80,2024/10/28,372847,23,13,21,19,77
B007410K80,2024/10/29,373121,28,13,22,15,81
B007410K80,2024/10/30,374945,27,18,19,20,88
B007410K80,2024/10/31,377989,29,9,21,18,78
B007410K80,2024/11/1,379916,26,10,22,17,67
B007410K80,2024/11/2,383208,20,15,26,20,84
B007410K80,2024/11/3,388540,26,21,24,24,89
B007410K80,2024/11/4,212323,27,17,22,27,94
B007410K80,2024/11/5,237006,27,13,20,20,72
B007410K80,2024/11/6,261653,25,16,22,18,75
B007410K80,2024/11/7,289927,28,15,18,13,78
B007410K80,2024/11/8,310429,28,11,23,15,82
B007410K80,2024/11/9,322717,25,11,26,17,84
B007410K80,2024/11/10,335564,23,17,25,19,83
B007410K80,2024/11/11,63988,25,17,21,19,78
B007410K80,2024/11/12,34771,26,15,20,16,75
B007410K80,2024/11/13,85213,25,15,26,16,93
B007410K80,2024/11/14,133278,21,11,22,14,82
B007410K80,2024/11/15,164511,25,14,25,16,69
B007410K80,2024/11/16,192279,27,15,23,18,87
B007410K80,2024/11/17,41080,22,17,23,22,86
B007410K80,2024/11/18,97847,30,16,23,20,73
B007410K80,2024/11/19,141208,23,14,20,18,84
B007410K80,2024/11/20,179010,27,15,23,15,87
B007410K80,2024/11/21,206012,25,18,21,15,75
B007410K80,2024/11/22,228891,23,15,18,17,72
B007410K80,2024/11/23,244543,23,14,19,16,80
B007410K80,2024/11/24,261742,21,19,23,19,85
B007410K80,2024/11/25,39330,23,14,25,15,85
B007410K80,2024/11/26,80223,23,13,21,21,76
B007410K80,2024/11/27,124575,25,15,21,12,77
B007410K80,2024/11/28,174023,27,13,21,19,79
B007410K80,2024/11/29,214522,25,9,22,17,85
B007410K80,2024/11/30,74519,27,14,22,20,89
B007410K80,2024/12/1,136846,30,13,28,22,96
B007410K80,2024/12/2,196583,24,17,25,17,81
B007410K80,2024/12/3,342701,28,17,23,13,72
B007410K80,2024/12/4,81261,25,18,20,15,80
B007410K80,2024/12/5,136287,26,15,23,20,77
B007410K80,2024/12/6,193697,24,16,25,15,74
B007410K80,2024/12/7,61777,25,20,26,18,78
B007410K80,2024/12/8,40573,23,19,23,19,87
B007410K80,2024/12/9,109546,29,17,22,21,85
B007410K80,2024/12/10,142941,27,17,25,17,76
B007410K80,2024/12/11,171072,21,16,22,14,83
B007410K80,2024/12/12,196583,23,13,24,16,70
B007410K80,2024/12/13,221579,24,18,20,19,75
B007410K80,2024/12/14,241028,23,18,29,20,84
B007410K80,2024/12/15,259309,26,17,29,21,89
B007410K80,2024/12/16,274674,24,15,20,16,74
B007410K80,2024/12/17,288530,27,10,21,16,85
B007410K80,2024/12/18,296454,28,17,23,13,74
B007410K80,2024/12/19,304559,29,13,20,17,71
B007410K80,2024/12/20,37035,27,12,19,13,74
B007410K80,2024/12/21,30119,23,14,24,19,78
B007410K80,2024/12/22,43471,24,17,20,15,81
B007410K80,2024/12/23,100075,28,13,19,12,69
B007410K80,2024/12/24,138222,24,15,21,17,69
B007410K80,2024/12/25,164772,24,11,21,12,61
B007410K80,2024/12/26,37202,23,14,18,13,78
B007410K80,2024/12/27,69092,23,17,18,13,67
B007410K80,2024/12/28,259263,23,12,18,16,72
B007410K80,2024/12/29,45941,19,16,16,18,67
B007410K80,2024/12/30,71151,20,14,16,16,75
B007410K80,2024/12/31,37576,11,14,19,17,71
B007410K80,2025/1/1,58132,12,19,22,20,82
B007410K80,2025/1/2,102921,19,20,29,19,97
B007410K80,2025/1/3,148608,15,18,23,21,81
B007410K80,2025/1/4,202093,15,19,28,20,85
B007410K80,2025/1/5,231188,15,25,23,19,78
B007410K80,2025/1/6,261338,16,21,18,26,72
B007410K80,2025/1/7,285241,18,19,19,26,70
B007410K80,2025/1/8,58651,14,16,20,28,62
B007410K80,2025/1/9,29417,15,14,21,26,74
B007410K80,2025/1/10,47324,10,16,20,22,73
B007410K80,2025/1/11,93786,16,17,30,25,90
B007410K80,2025/1/12,135195,15,20,26,26,81
B007410K80,2025/1/13,53313,16,20,27,21,86
B007410K80,2025/1/14,83603,17,20,20,24,78
B007410K80,2025/1/15,133149,9,22,19,28,69
B007410K80,2025/1/16,158387,13,17,19,26,75
B007410K80,2025/1/17,186938,14,13,19,33,65
B007410K80,2025/1/18,205778,18,15,23,29,78
B007410K80,2025/1/19,221177,17,20,22,22,83
B007410K80,2025/1/20,241604,13,17,19,30,70
B007410K80,2025/1/21,251593,11,19,22,23,75
B007410K80,2025/1/22,41617,19,17,20,27,74
B007410K80,2025/1/23,17272,16,16,24,32,72
B007410K80,2025/1/24,46010,13,7,12,21,69
B007410K80,2025/1/25,89860,16,19,22,20,79
B007410K80,2025/1/26,128637,17,19,22,26,86
B007410K80,2025/1/27,159045,14,15,19,25,77
B007410K80,2025/1/28,188344,15,16,22,27,66
B007410K80,2025/1/29,207974,15,18,23,23,80
B007410K80,2025/1/30,34176,14,18,19,29,79
B007410K80,2025/1/31,28633,13,15,16,27,77
B007410K80,2025/2/1,89127,15,18,20,19,81
B007410K80,2025/2/2,138719,17,17,25,23,73
B007410K80,2025/2/3,170487,14,13,19,29,75
B007410K80,2025/2/4,204473,18,16,24,24,79
B007410K80,2025/2/5,221717,10,16,22,24,77
B007410K80,2025/2/6,231373,14,15,25,24,73
B007410K80,2025/2/7,240209,11,17,12,27,77
B007410K80,2025/2/8,245224,14,22,26,22,78
B007410K80,2025/2/9,253383,19,26,19,27,80
B007410K80,2025/2/10,43049,14,15,23,27,75
B007410K80,2025/2/11,104250,16,19,29,21,80
B007410K80,2025/2/12,54825,14,19,25,30,72
B007410K80,2025/2/13,34621,15,15,25,24,77
B007410K80,2025/2/14,48281,13,16,20,27,73
B007410K80,2025/2/15,99269,12,24,26,24,73
B007410K80,2025/2/16,37938,16,26,25,23,91
B007410K80,2025/2/17,66788,15,20,23,25,78
B007410K80,2025/2/18,110665,16,12,19,30,72
B007410K80,2025/2/19,150105,13,18,24,33,75
B007410K80,2025/2/20,40735,18,17,31,36,78
B007410K80,2025/2/21,99282,12,20,25,21,85
B007410K80,2025/2/22,131044,8,21,29,24,76
B007410K80,2025/2/23,167347,17,26,27,21,90
B007410K80,2025/2/24,197493,12,23,25,24,94
B007410K80,2025/2/25,216107,17,20,25,30,83
B007410K80,2025/2/26,44662,12,22,26,29,85
B007410K80,2025/2/27,29622,11,20,23,26,80
B007410K80,2025/2/28,59411,12,16,25,28,76
B007410K80,2025/3/1,111176,21,21,23,25,85
B007410K80,2025/3/2,165623,16,22,29,31,96
B007410K80,2025/3/3,202713,17,16,21,24,72
B007410K80,2025/3/4,42212,16,17,21,26,79
B007410K80,2025/3/5,96316,13,17,22,31,82
B007410K80,2025/3/6,134953,14,17,23,25,75
B007410K80,2025/3/7,162349,17,14,21,25,73
B007410K80,2025/3/8,185908,17,20,26,27,97
B007410K80,2025/3/9,213748,15,23,25,31,92
B007410K80,2025/3/10,234934,15,16,24,25,81
B007410K80,2025/3/11,36656,13,19,22,26,76
B007410K80,2025/3/12,79079,18,14,23,25,86
B007410K80,2025/3/13,142800,12,17,21,25,88
B007410K80,2025/3/14,36956,13,15,16,23,79
B007410K80,2025/3/15,68861,18,25,26,23,84
B007410K80,2025/3/16,123139,19,25,33,29,81
B007410K80,2025/3/17,162882,20,19,21,33,81
B007410K80,2025/3/18,32611,12,20,18,31,75
B007410K80,2025/3/19,59240,18,17,25,28,77
B007410K80,2025/3/20,111055,16,22,30,22,90
B007410K80,2025/3/21,150700,13,18,26,31,82
B007410K80,2025/3/22,184761,20,22,24,24,89
B007410K80,2025/3/23,208378,18,23,26,27,93
B007410K80,2025/3/24,59384,15,18,25,22,79
B007410K80,2025/3/25,32512,14,17,23,21,80
B007410K80,2025/3/26,101381,13,15,24,29,71
B007410K80,2025/3/27,39676,16,19,24,34,75
B007410K80,2025/3/28,55365,10,19,27,26,83
B007410K80,2025/3/29,21450,15,24,28,28,84
B007410K80,2025/3/30,30214,15,24,22,22,85
B007410K80,2025/3/31,77878,14,15,22,22,72
B007410K80,2025/4/1,112203,18,13,25,21,69
B007410K80,2025/4/2,148834,13,16,21,26,77
B007410K80,2025/4/3,177749,15,15,29,25,86
B007410K80,2025/4/4,196617,12,16,21,21,77
B007410K80,2025/4/5,207510,15,17,28,23,88
B007410K80,2025/4/6,219439,18,24,14,20,93
B007410K80,2025/4/7,229001,15,23,23,25,82
B007410K80,2025/4/8,237792,13,19,18,31,75
B007410K80,2025/4/9,244322,15,15,18,32,82
B007410K80,2025/4/10,,14,18,24,27,72
B007410K80,2025/4/11,,13,17,22,21,74
B007410K80,2025/4/12,109103,15,25,23,21,79
B007410K80,2025/4/13,,19,21,24,24,94
B007410K80,2025/4/14,,12,17,27,25,67
B007410K80,2025/4/15,155851,21,19,21,21,80
B007410K80,2025/4/16,172784,18,17,20,29,78
B007410K80,2025/4/17,51007,18,12,25,25,69
B007410K80,2025/4/18,111346,15,15,24,20,76
B007410K80,2025/4/19,142002,12,15,25,21,77
B007410K80,2025/4/20,160017,14,16,27,24,76
B007410K80,2025/4/21,196561,16,15,24,26,75
B007410K80,2025/4/22,240128,13,15,18,23,88
B007410K80,2025/4/23,249396,15,17,20,23,70
B007410K80,2025/4/24,263048,11,13,24,27,76
B007410K80,2025/4/25,267297,17,16,19,19,78
B007410K80,2025/4/26,269504,15,20,21,26,90
B007410K80,2025/4/27,274490,16,19,26,23,100
B007410K80,2025/4/28,44573,14,20,28,23,75
B007410K80,2025/4/29,80075,13,19,27,23,84
B007410K80,2025/4/30,132696,14,25,26,25,81
B007410K80,2025/5/1,176441,14,20,18,20,73
B007410K80,2025/5/2,206113,16,18,24,24,79
B007410K80,2025/5/3,234338,17,22,21,19,96
B007410K80,2025/5/4,257906,12,22,18,24,91
B007410K80,2025/5/5,272586,13,29,25,24,88
B007410K80,2025/5/6,286013,18,23,27,24,99
B007410K80,2025/5/7,299897,15,16,27,25,78
B007410K80,2025/5/8,97415,16,19,20,20,77
B007410K80,2025/5/9,137085,17,18,26,26,82
B007410K80,2025/5/10,74494,17,19,24,26,93
B007410K80,2025/5/11,118274,18,23,25,28,89
B007410K80,2025/5/12,157329,12,17,22,27,88
B007410K80,2025/5/13,188846,13,22,24,27,76
B007410K80,2025/5/14,209424,17,16,33,25,81
B007410K80,2025/5/15,213531,17,20,21,30,75
B007410K80,2025/5/16,224035,18,16,20,24,65
B007410K80,2025/5/17,227773,19,23,23,23,87
B007410K80,2025/5/18,87743,19,24,20,22,88
B007410K80,2025/5/19,88377,15,22,24,26,75
B007410K80,2025/5/20,63835,14,17,23,20,71
B007410K80,2025/5/21,54293,15,16,24,30,74
B007410K80,2025/5/22,89505,15,14,28,27,83
B007410K80,2025/5/23,90897,17,16,21,29,77
B007410K80,2025/5/24,167589,17,20,25,23,100
B007410K80,2025/5/25,205546,18,20,25,20,96
B007410K80,2025/5/26,85165,18,19,26,25,78
B007410K80,2025/5/27,42886,13,15,23,26,81
B007410K80,2025/5/28,60550,17,17,21,26,81
B007410K80,2025/5/29,64094,16,17,27,26,72
B007410K80,2025/5/30,60617,15,15,20,23,77
B007410K80,2025/5/31,64813,19,20,23,21,87
B007410K80,2025/6/1,66123,15,22,22,25,81
B007410K80,2025/6/2,109392,18,14,21,23,72
B007410K80,2025/6/3,154613,15,17,19,25,76
B007410K80,2025/6/4,191527,13,17,20,27,75
B007410K80,2025/6/5,,16,14,24,33,74
B007410K80,2025/6/6,49961,16,14,20,29,77
B007410K80,2025/6/7,50979,13,27,19,24,80
B007410K80,2025/6/8,83643,15,20,22,26,85
B007410K80,2025/6/9,129532,13,20,17,23,78
B007410K80,2025/6/10,170090,15,13,23,33,73
B007410K80,2025/6/11,187320,15,19,15,28,69
B007410K80,2025/6/12,202933,18,15,21,29,80
B007410K80,2025/6/13,219254,12,14,18,21,66
B007410K80,2025/6/14,226328,19,14,23,18,75
B007410K80,2025/6/15,233234,16,16,21,27,79
B007410K80,2025/6/16,240251,13,15,22,26,74
B007410K80,2025/6/17,228461,13,12,22,29,76
B007410K80,2025/6/18,247066,15,16,20,26,67
B007410K80,2025/6/19,270314,16,18,16,21,66
B007410K80,2025/6/20,275856,12,12,14,24,66
B007410K80,2025/6/21,88459,17,17,18,20,72
B007410K80,2025/6/22,91422,16,14,19,19,69
B007410K80,2025/6/23,75044,13,16,19,22,60
B007410K80,2025/6/24,78442,15,15,25,28,71
B007410K80,2025/6/25,123738,14,12,21,21,60
B007410K80,2025/6/26,162178,15,12,19,28,67
B007410K80,2025/6/27,187266,16,17,15,23,71
B007410K80,2025/6/28,212859,17,17,24,20,74
B007410K80,2025/6/29,86278,19,19,20,28,74
B007410K80,2025/6/30,88133,18,11,19,26,77
B007410K80,2025/7/1,139030,15,14,18,25,73
B007410K80,2025/7/2,82204,18,14,21,24,67
B007410K80,2025/7/3,84712,12,12,17,21,66
B007410K80,2025/7/4,73553,12,14,18,18,63
B007410K80,2025/7/5,75535,13,15,25,21,74
B007410K80,2025/7/6,121147,18,16,25,24,84
B007410K80,2025/7/7,164422,16,17,23,19,73
B007410K80,2025/7/8,193055,14,15,20,19,66
B007410K80,2025/7/9,217314,14,14,22,24,64
B007410K80,2025/7/10,61000,10,13,15,23,72
B007410K80,2025/7/11,62810,13,12,18,26,62
B007410K80,2025/7/12,103011,17,15,22,22,75
B007410K80,2025/7/13,166567,18,21,22,20,74
B007410K80,2025/7/14,118563,18,18,19,25,66
B007410K80,2025/7/15,100969,16,18,19,27,75
B007410K80,2025/7/16,102130,16,14,25,25,66
B007410K80,2025/7/17,127700,16,14,17,26,64
B007410K80,2025/7/18,79152,15,10,21,22,69
B007410K80,2025/7/19,81534,17,17,24,19,73
B007410K80,2025/7/20,124105,14,18,21,21,84
B007410K80,2025/7/21,155305,17,16,25,22,80
B007410K80,2025/7/22,186508,13,12,18,23,73
B007410K80,2025/7/23,205789,15,16,23,22,65
B007410K80,2025/7/24,86711,14,13,21,26,68
B007410K80,2025/7/25,88978,12,11,20,23,73
B007410K80,2025/7/26,128156,18,15,24,22,71
B007410K80,2025/7/27,164751,14,17,21,23,77
B007410K80,2025/7/28,200940,13,16,20,33,65
B007410K80,2025/7/29,222606,17,12,24,30,65
B007410K80,2025/7/30,245191,14,12,18,21,57
B007410K80,2025/7/31,255191,12,10,24,21,74
B007410K80,2025/8/1,91213,14,13,17,22,61
B007410K80,2025/8/2,91252,13,16,15,20,71
B007410K80,2025/8/3,50151,22,21,25,23,82
B007410K80,2025/8/4,50150,14,11,21,24,74
B007410K80,2025/8/5,88975,13,14,22,28,79
B007410K80,2025/8/6,136345,17,13,18,18,69
B007410K80,2025/8/7,174924,16,14,21,21,73
B007410K80,2025/8/8,208751,13,14,17,21,75
B007410K80,2025/8/9,225508,15,18,15,18,73
B007410K80,2025/8/10,92238,18,13,25,19,74
B007410K80,2025/8/11,92260,15,18,21,24,73
B007410K80,2025/8/12,144437,16,12,22,21,69
B007410K80,2025/8/13,83840,14,12,21,24,73
B007410K80,2025/8/14,66296,16,12,18,20,76
B007410K80,2025/8/15,58380,15,13,18,18,72
B007410K80,2025/8/16,58399,13,18,20,19,74
B007410K80,2025/8/17,116239,15,17,23,20,84
B007410K80,2025/8/18,146873,11,17,20,22,78
B007410K80,2025/8/19,81466,15,15,18,24,81
B007410K80,2025/8/20,81483,18,12,23,24,72
B007410K80,2025/8/21,127267,18,17,22,27,74
B007410K80,2025/8/22,165800,18,16,26,23,92
B007410K80,2025/8/23,80128,19,18,26,24,91
B007410K80,2025/8/24,80150,16,20,24,20,79
B007410K80,2025/8/25,46463,18,17,20,25,84
B007410K80,2025/8/26,46465,20,10,20,23,75
B007410K80,2025/8/27,79749,15,17,22,28,70
B007410K80,2025/8/28,126094,15,16,24,20,84
B007410K80,2025/8/29,165698,17,16,18,23,72
B007410K80,2025/8/30,85645,15,17,18,21,82
B007410K80,2025/8/31,45310,18,20,23,28,93
B007410K80,2025/9/1,45332,15,16,26,21,75
B007410K80,2025/9/2,74621,16,16,21,24,78
B007410K80,2025/9/3,74671,18,15,21,21,74
B007410K80,2025/9/4,129647,16,14,19,23,80
B007410K80,2025/9/5,173453,14,17,16,23,77
B007410K80,2025/9/6,85167,19,17,17,26,80
B007410K80,2025/9/7,65924,14,29,24,25,100
B007410K80,2025/9/8,65921,16,28,23,27,77
B007410K80,2025/9/9,125737,17,27,28,29,83
B007410K80,2025/9/10,80074,19,40,35,42,87
B007410K80,2025/9/11,64960,17,31,32,31,75
B007410K80,2025/9/12,59964,17,26,28,27,78
B007410K80,2025/9/13,59961,17,29,29,21,75
B007410K80,2025/9/14,99159,18,29,29,32,85
B007410K80,2025/9/15,147323,14,28,27,19,82
B007410K80,2025/9/16,,15,14,25,24,81
B007410K80,2025/9/17,43872,14,16,22,26,71
B007410K80,2025/9/18,27651,15,26,20,31,71
B007410K80,2025/9/19,27616,17,33,21,28,70
B007410K80,2025/9/20,21629,13,31,25,26,78
B007410K80,2025/9/21,21535,17,26,30,29,80
B007410K80,2025/9/22,21527,13,22,24,26,71
B007410K80,2025/9/23,20922,21,25,24,20,86
B007410K80,2025/9/24,20924,18,14,25,27,72
B007410K80,2025/9/25,24216,13,18,19,24,81
B007410K80,2025/9/26,27839,16,22,18,24,71
B007410K80,2025/9/27,26679,13,16,22,26,78
B007410K80,2025/9/28,26597,14,23,30,25,89
B007410K80,2025/9/29,24791,14,20,19,29,76
B007410K80,2025/9/30,24800,14,17,23,25,76
B007410K80,2025/10/1,36195,16,16,26,24,68
B007410K80,2025/10/2,40661,12,21,22,31,76
B007410K80,2025/10/3,27277,14,22,19,26,74
B007410K80,2025/10/4,27283,18,22,21,24,84
B007410K80,2025/10/5,40943,14,22,20,23,86
B007410K80,2025/10/6,40910,14,23,19,25,83
B007410K80,2025/10/7,56919,17,20,22,28,80
B007410K80,2025/10/8,26394,16,21,27,23,79
B007410K80,2025/10/9,26390,14,19,20,32,70
B007410K80,2025/10/10,39490,12,19,21,27,76
B007410K80,2025/10/11,55414,13,27,24,26,77
B007410K80,2025/10/12,48646,14,27,23,25,87
B007410K80,2025/10/13,48659,22,26,22,23,87
B007410K80,2025/10/14,63396,12,16,21,22,71
B007410K80,2025/10/15,46536,11,18,17,23,73
B007410K80,2025/10/16,46554,14,16,22,21,80
B007410K80,2025/10/17,20471,12,20,23,27,85
B007410K80,2025/10/18,20425,19,21,23,25,86
B007410K80,2025/10/19,31193,13,24,21,20,77
B007410K80,2025/10/20,28970,14,22,24,22,75
B007410K80,2025/10/21,,15,15,20,29,71
B007410K80,2025/10/22,31856,11,19,25,27,65
B007410K80,2025/10/23,31909,16,12,26,25,70
B007410K80,2025/10/24,40429,13,20,24,20,63
B007410K80,2025/10/25,39294,18,20,19,26,85
B007410K80,2025/10/26,35671,18,23,22,24,80
B007410K80,2025/10/27,34190,16,16,17,29,83
B007410K80,2025/10/28,34187,15,19,25,25,62
B007410K80,2025/10/29,32925,11,15,21,26,62
B007410K80,2025/10/30,32557,12,16,18,27,70
B007410K80,2025/10/31,24940,13,14,17,23,72
B007410K80,2025/11/1,24975,11,17,29,22,65
B007410K80,2025/11/2,38753,14,21,15,27,80
B007410K80,2025/11/3,56291,20,22,23,24,76
B007410K80,2025/11/4,26490,14,18,20,26,74
B007410K80,2025/11/5,26424,12,12,22,27,75
B007410K80,2025/11/6,39977,11,16,21,31,73
B007410K80,2025/11/7,37497,12,19,15,21,69
B007410K80,2025/11/8,20416,13,22,22,22,69
B007410K80,2025/11/9,20430,19,20,28,26,76
B007410K80,2025/11/10,32303,12,20,23,21,66
B007410K80,2025/11/11,45749,10,18,24,27,71
B007410K80,2025/11/12,66913,13,18,18,24,64
B007410K80,2025/11/13,74729,10,16,19,28,66
B007410K80,2025/11/14,23592,16,19,20,18,67
B007410K80,2025/11/15,23652,16,17,20,24,79
B007410K80,2025/11/16,25981,14,22,25,26,84
B007410K80,2025/11/17,28519,13,18,23,26,72
B007410K80,2025/11/18,20869,16,14,19,26,70
B007410K80,2025/11/19,20857,9,14,19,26,64
B007410K80,2025/11/20,24148,13,15,24,20,57
B007410K80,2025/11/21,37107,14,16,19,20,72
B007410K80,2025/11/22,63013,15,16,26,25,86
B007410K80,2025/11/23,51529,15,26,28,22,80
B007410K80,2025/11/24,45640,15,26,25,22,82
B007410K80,2025/11/25,45629,15,17,18,29,72
B007410K80,2025/11/26,46334,17,19,25,24,81
B007410K80,2025/11/27,62461,18,13,22,24,70
B007410K80,2025/11/28,52414,15,20,18,22,79
B007410K80,2025/11/29,45412,18,20,23,23,83
B007410K80,2025/11/30,45296,19,17,23,23,85
B007410K80,2025/12/1,54494,13,17,24,25,72
B007410K80,2025/12/2,41229,14,16,23,25,75
B007410K80,2025/12/3,37037,14,13,22,27,66
B007410K80,2025/12/4,34819,17,14,22,24,70
B007410K80,2025/12/5,32919,17,14,23,24,73
B007410K80,2025/12/6,32864,13,19,20,17,83
B007410K80,2025/12/7,33265,15,12,24,26,80
B007410K80,2025/12/8,29489,11,16,20,24,81
B007410K80,2025/12/9,29482,17,15,23,25,74
B007410K80,2025/12/10,44146,15,15,25,25,76
B007410K80,2025/12/11,23596,19,18,22,24,73
B007410K80,2025/12/12,23429,18,14,18,20,72
B007410K80,2025/12/13,33743,16,12,24,18,92
B007410K80,2025/12/14,33735,17,18,24,21,83
B007410K80,2025/12/15,28819,15,13,23,28,78
B007410K80,2025/12/16,20162,12,14,21,21,77
B007410K80,2025/12/17,20204,18,17,22,29,80
B007410K80,2025/12/18,25339,15,12,20,22,74
B007410K80,2025/12/19,24101,15,11,18,22,69
B007410K80,2025/12/20,22274,14,18,22,21,78
B007410K80,2025/12/21,16070,15,17,24,21,77
B007410K80,2025/12/22,13424,13,14,20,23,65
B007410K80,2025/12/23,13418,14,15,19,22,66
B007410K80,2025/12/24,14150,13,13,19,22,68
B007410K80,2025/12/25,16170,13,14,19,22,72
B007410K80,2025/12/26,15650,12,14,19,20,76
B007410K80,2025/12/27,24850,13,14,20,18,64
B007410K80,2025/12/28,25875,13,16,21,18,67
B007410K80,2025/12/29,19303,12,16,21,18,64
B007410K80,2025/12/30,19078,14,16,20,19,68
B007410K80,2025/12/31,13750,12,15,19,18,68
