asin,date,daily_salesrank
B07RWR7BX6,2023-01-01,54
B07RWR7BX6,2023-01-02,73
B07RWR7BX6,2023-01-03,81
B07RWR7BX6,2023-01-04,69
B07RWR7BX6,2023-01-05,66
B07RWR7BX6,2023-01-06,66
B07RWR7BX6,2023-01-07,84
B07RWR7BX6,2023-01-08,96
B07RWR7BX6,2023-01-09,98
B07RWR7BX6,2023-01-10,115
B07RWR7BX6,2023-01-11,95
B07RWR7BX6,2023-01-12,121
B07RWR7BX6,2023-01-13,44
B07RWR7BX6,2023-01-14,61
B07RWR7BX6,2023-01-15,67
B07RWR7BX6,2023-01-16,92
B07RWR7BX6,2023-01-17,99
B07RWR7BX6,2023-01-18,79
B07RWR7BX6,2023-01-19,71
B07RWR7BX6,2023-01-20,34
B07RWR7BX6,2023-01-21,35
B07RWR7BX6,2023-01-22,59
B07RWR7BX6,2023-01-23,45
B07RWR7BX6,2023-01-24,50
B07RWR7BX6,2023-01-25,35
B07RWR7BX6,2023-01-26,33
B07RWR7BX6,2023-01-27,30
B07RWR7BX6,2023-01-28,21
B07RWR7BX6,2023-01-29,21
B07RWR7BX6,2023-01-30,26
B07RWR7BX6,2023-01-31,23
B07RWR7BX6,2023-02-01,19
B07RWR7BX6,2023-02-02,23
B07RWR7BX6,2023-02-03,22
B07RWR7BX6,2023-02-04,25
B07RWR7BX6,2023-02-05,34
B07RWR7BX6,2023-02-06,37
B07RWR7BX6,2023-02-07,34
B07RWR7BX6,2023-02-08,39
B07RWR7BX6,2023-02-09,43
B07RWR7BX6,2023-02-10,29
B07RWR7BX6,2023-02-11,25
B07RWR7BX6,2023-02-12,43
B07RWR7BX6,2023-02-13,28
B07RWR7BX6,2023-02-14,25
B07RWR7BX6,2023-02-15,34
B07RWR7BX6,2023-02-16,32
B07RWR7BX6,2023-02-17,26
B07RWR7BX6,2023-02-18,32
B07RWR7BX6,2023-02-19,33
B07RWR7BX6,2023-02-20,39
B07RWR7BX6,2023-02-21,44
B07RWR7BX6,2023-02-22,30
B07RWR7BX6,2023-02-23,30
B07RWR7BX6,2023-02-24,29
B07RWR7BX6,2023-02-25,27
B07RWR7BX6,2023-02-26,20
B07RWR7BX6,2023-02-27,33
B07RWR7BX6,2023-02-28,28
B07RWR7BX6,2023-03-01,26
B07RWR7BX6,2023-03-02,24
B07RWR7BX6,2023-03-03,25
B07RWR7BX6,2023-03-04,27
B07RWR7BX6,2023-03-05,29
B07RWR7BX6,2023-03-06,36
B07RWR7BX6,2023-03-07,34
B07RWR7BX6,2023-03-08,37
B07RWR7BX6,2023-03-09,29
B07RWR7BX6,2023-03-10,29
B07RWR7BX6,2023-03-11,25
B07RWR7BX6,2023-03-12,26
B07RWR7BX6,2023-03-13,35
B07RWR7BX6,2023-03-14,31
B07RWR7BX6,2023-03-15,30
B07RWR7BX6,2023-03-16,32
B07RWR7BX6,2023-03-17,24
B07RWR7BX6,2023-03-18,26
B07RWR7BX6,2023-03-19,39
B07RWR7BX6,2023-03-20,33
B07RWR7BX6,2023-03-21,30
B07RWR7BX6,2023-03-22,28
B07RWR7BX6,2023-03-23,25
B07RWR7BX6,2023-03-24,26
B07RWR7BX6,2023-03-25,23
B07RWR7BX6,2023-03-26,26
B07RWR7BX6,2023-03-27,26
B07RWR7BX6,2023-03-28,24
B07RWR7BX6,2023-03-29,14
B07RWR7BX6,2023-03-30,11
B07RWR7BX6,2023-03-31,14
B07RWR7BX6,2023-04-01,14
B07RWR7BX6,2023-04-02,17
B07RWR7BX6,2023-04-03,17
B07RWR7BX6,2023-04-04,18
B07RWR7BX6,2023-04-05,21
B07RWR7BX6,2023-04-06,24
B07RWR7BX6,2023-04-07,19
B07RWR7BX6,2023-04-08,24
B07RWR7BX6,2023-04-09,31
B07RWR7BX6,2023-04-10,30
B07RWR7BX6,2023-04-11,27
B07RWR7BX6,2023-04-12,28
B07RWR7BX6,2023-04-13,23
B07RWR7BX6,2023-04-14,24
B07RWR7BX6,2023-04-15,28
B07RWR7BX6,2023-04-16,34
B07RWR7BX6,2023-04-17,32
B07RWR7BX6,2023-04-18,27
B07RWR7BX6,2023-04-19,30
B07RWR7BX6,2023-04-20,32
B07RWR7BX6,2023-04-21,28
B07RWR7BX6,2023-04-22,29
B07RWR7BX6,2023-04-23,39
B07RWR7BX6,2023-04-24,28
B07RWR7BX6,2023-04-25,29
B07RWR7BX6,2023-04-26,31
B07RWR7BX6,2023-04-27,28
B07RWR7BX6,2023-04-28,31
B07RWR7BX6,2023-04-29,31
B07RWR7BX6,2023-04-30,40
B07RWR7BX6,2023-05-01,25
B07RWR7BX6,2023-05-02,24
B07RWR7BX6,2023-05-03,28
B07RWR7BX6,2023-05-04,57
B07RWR7BX6,2023-05-05,54
B07RWR7BX6,2023-05-06,79
B07RWR7BX6,2023-05-07,93
B07RWR7BX6,2023-05-08,58
B07RWR7BX6,2023-05-09,51
B07RWR7BX6,2023-05-10,44
B07RWR7BX6,2023-05-11,52
B07RWR7BX6,2023-05-12,39
B07RWR7BX6,2023-05-13,31
B07RWR7BX6,2023-05-14,73
B07RWR7BX6,2023-05-15,100
B07RWR7BX6,2023-05-16,127
B07RWR7BX6,2023-05-17,140
B07RWR7BX6,2023-05-18,151
B07RWR7BX6,2023-05-19,83
B07RWR7BX6,2023-05-20,60
B07RWR7BX6,2023-05-21,91
B07RWR7BX6,2023-05-22,73
B07RWR7BX6,2023-05-23,55
B07RWR7BX6,2023-05-24,57
B07RWR7BX6,2023-05-25,41
B07RWR7BX6,2023-05-26,41
B07RWR7BX6,2023-05-27,39
B07RWR7BX6,2023-05-28,59
B07RWR7BX6,2023-05-29,48
B07RWR7BX6,2023-05-30,50
B07RWR7BX6,2023-05-31,35
B07RWR7BX6,2023-06-01,31
B07RWR7BX6,2023-06-02,19
B07RWR7BX6,2023-06-03,14
B07RWR7BX6,2023-06-04,22
B07RWR7BX6,2023-06-05,34
B07RWR7BX6,2023-06-06,43
B07RWR7BX6,2023-06-07,41
B07RWR7BX6,2023-06-08,38
B07RWR7BX6,2023-06-09,35
B07RWR7BX6,2023-06-10,52
B07RWR7BX6,2023-06-11,75
B07RWR7BX6,2023-06-12,48
B07RWR7BX6,2023-06-13,46
B07RWR7BX6,2023-06-14,66
B07RWR7BX6,2023-06-15,54
B07RWR7BX6,2023-06-16,47
B07RWR7BX6,2023-06-17,58
B07RWR7BX6,2023-06-18,74
B07RWR7BX6,2023-06-19,93
B07RWR7BX6,2023-06-20,83
B07RWR7BX6,2023-06-21,66
B07RWR7BX6,2023-06-22,59
B07RWR7BX6,2023-06-23,42
B07RWR7BX6,2023-06-24,62
B07RWR7BX6,2023-06-25,60
B07RWR7BX6,2023-06-26,62
B07RWR7BX6,2023-06-27,55
B07RWR7BX6,2023-06-28,40
B07RWR7BX6,2023-06-29,56
B07RWR7BX6,2023-06-30,48
B07RWR7BX6,2023-07-01,32
B07RWR7BX6,2023-07-02,48
B07RWR7BX6,2023-07-03,68
B07RWR7BX6,2023-07-04,74
B07RWR7BX6,2023-07-05,46
B07RWR7BX6,2023-07-06,31
B07RWR7BX6,2023-07-07,41
B07RWR7BX6,2023-07-08,35
B07RWR7BX6,2023-07-09,66
B07RWR7BX6,2023-07-10,69
B07RWR7BX6,2023-07-11,66
B07RWR7BX6,2023-07-12,78
B07RWR7BX6,2023-07-13,77
B07RWR7BX6,2023-07-14,61
B07RWR7BX6,2023-07-15,50
B07RWR7BX6,2023-07-16,61
B07RWR7BX6,2023-07-17,57
B07RWR7BX6,2023-07-18,45
B07RWR7BX6,2023-07-19,49
B07RWR7BX6,2023-07-20,47
B07RWR7BX6,2023-07-21,61
B07RWR7BX6,2023-07-22,50
B07RWR7BX6,2023-07-23,80
B07RWR7BX6,2023-07-24,75
B07RWR7BX6,2023-07-25,46
B07RWR7BX6,2023-07-26,54
B07RWR7BX6,2023-07-27,54
B07RWR7BX6,2023-07-28,38
B07RWR7BX6,2023-07-29,52
B07RWR7BX6,2023-07-30,54
B07RWR7BX6,2023-07-31,56
B07RWR7BX6,2023-08-01,56
B07RWR7BX6,2023-08-02,73
B07RWR7BX6,2023-08-03,62
B07RWR7BX6,2023-08-04,65
B07RWR7BX6,2023-08-05,64
B07RWR7BX6,2023-08-06,95
B07RWR7BX6,2023-08-07,81
B07RWR7BX6,2023-08-08,81
B07RWR7BX6,2023-08-09,91
B07RWR7BX6,2023-08-10,60
B07RWR7BX6,2023-08-11,37
B07RWR7BX6,2023-08-12,52
B07RWR7BX6,2023-08-13,51
B07RWR7BX6,2023-08-14,52
B07RWR7BX6,2023-08-15,61
B07RWR7BX6,2023-08-16,46
B07RWR7BX6,2023-08-17,34
B07RWR7BX6,2023-08-18,41
B07RWR7BX6,2023-08-19,44
B07RWR7BX6,2023-08-20,56
B07RWR7BX6,2023-08-21,43
B07RWR7BX6,2023-08-22,35
B07RWR7BX6,2023-08-23,38
B07RWR7BX6,2023-08-24,48
B07RWR7BX6,2023-08-25,50
B07RWR7BX6,2023-08-26,44
B07RWR7BX6,2023-08-27,47
B07RWR7BX6,2023-08-28,35
B07RWR7BX6,2023-08-29,37
B07RWR7BX6,2023-08-30,38
B07RWR7BX6,2023-08-31,38
B07RWR7BX6,2023-09-01,36
B07RWR7BX6,2023-09-02,39
B07RWR7BX6,2023-09-03,55
B07RWR7BX6,2023-09-04,53
B07RWR7BX6,2023-09-05,40
B07RWR7BX6,2023-09-06,45
B07RWR7BX6,2023-09-07,48
B07RWR7BX6,2023-09-08,40
B07RWR7BX6,2023-09-09,40
B07RWR7BX6,2023-09-10,47
B07RWR7BX6,2023-09-11,50
B07RWR7BX6,2023-09-12,66
B07RWR7BX6,2023-09-13,48
B07RWR7BX6,2023-09-14,39
B07RWR7BX6,2023-09-15,30
B07RWR7BX6,2023-09-16,26
B07RWR7BX6,2023-09-17,27
B07RWR7BX6,2023-09-18,43
B07RWR7BX6,2023-09-19,50
B07RWR7BX6,2023-09-20,41
B07RWR7BX6,2023-09-21,36
B07RWR7BX6,2023-09-22,36
B07RWR7BX6,2023-09-23,37
B07RWR7BX6,2023-09-24,56
B07RWR7BX6,2023-09-25,60
B07RWR7BX6,2023-09-26,67
B07RWR7BX6,2023-09-27,119
B07RWR7BX6,2023-09-28,122
B07RWR7BX6,2023-09-29,123
B07RWR7BX6,2023-09-30,140
B07RWR7BX6,2023-10-01,109
B07RWR7BX6,2023-10-02,106
B07RWR7BX6,2023-10-03,117
B07RWR7BX6,2023-10-04,130
B07RWR7BX6,2023-10-05,113
B07RWR7BX6,2023-10-06,66
B07RWR7BX6,2023-10-07,62
B07RWR7BX6,2023-10-08,49
B07RWR7BX6,2023-10-09,64
B07RWR7BX6,2023-10-10,57
B07RWR7BX6,2023-10-11,46
B07RWR7BX6,2023-10-12,45
B07RWR7BX6,2023-10-13,61
B07RWR7BX6,2023-10-14,57
B07RWR7BX6,2023-10-15,83
B07RWR7BX6,2023-10-16,63
B07RWR7BX6,2023-10-17,55
B07RWR7BX6,2023-10-18,49
B07RWR7BX6,2023-10-19,44
B07RWR7BX6,2023-10-20,36
B07RWR7BX6,2023-10-21,41
B07RWR7BX6,2023-10-22,28
B07RWR7BX6,2023-10-23,35
B07RWR7BX6,2023-10-24,36
B07RWR7BX6,2023-10-25,36
B07RWR7BX6,2023-10-26,42
B07RWR7BX6,2023-10-27,21
B07RWR7BX6,2023-10-28,26
B07RWR7BX6,2023-10-29,51
B07RWR7BX6,2023-10-30,42
B07RWR7BX6,2023-10-31,46
B07RWR7BX6,2023-11-01,28
B07RWR7BX6,2023-11-02,30
B07RWR7BX6,2023-11-03,39
B07RWR7BX6,2023-11-04,63
B07RWR7BX6,2023-11-05,82
B07RWR7BX6,2023-11-06,262
B07RWR7BX6,2023-11-07,225
B07RWR7BX6,2023-11-08,287
B07RWR7BX6,2023-11-09,315
B07RWR7BX6,2023-11-10,159
B07RWR7BX6,2023-11-11,170
B07RWR7BX6,2023-11-12,266
B07RWR7BX6,2023-11-13,203
B07RWR7BX6,2023-11-14,279
B07RWR7BX6,2023-11-15,222
B07RWR7BX6,2023-11-16,180
B07RWR7BX6,2023-11-17,238
B07RWR7BX6,2023-11-18,231
B07RWR7BX6,2023-11-19,283
B07RWR7BX6,2023-11-20,299
B07RWR7BX6,2023-11-21,286
B07RWR7BX6,2023-11-22,247
B07RWR7BX6,2023-11-23,39
B07RWR7BX6,2023-11-24,47
B07RWR7BX6,2023-11-25,57
B07RWR7BX6,2023-11-26,62
B07RWR7BX6,2023-11-27,49
B07RWR7BX6,2023-11-28,47
B07RWR7BX6,2023-11-29,47
B07RWR7BX6,2023-11-30,33
B07RWR7BX6,2023-12-01,33
B07RWR7BX6,2023-12-02,36
B07RWR7BX6,2023-12-03,38
B07RWR7BX6,2023-12-04,29
B07RWR7BX6,2023-12-05,31
B07RWR7BX6,2023-12-06,28
B07RWR7BX6,2023-12-07,36
B07RWR7BX6,2023-12-08,29
B07RWR7BX6,2023-12-09,38
B07RWR7BX6,2023-12-10,54
B07RWR7BX6,2023-12-11,73
B07RWR7BX6,2023-12-12,35
B07RWR7BX6,2023-12-13,41
B07RWR7BX6,2023-12-14,31
B07RWR7BX6,2023-12-15,41
B07RWR7BX6,2023-12-16,35
B07RWR7BX6,2023-12-17,59
B07RWR7BX6,2023-12-18,54
B07RWR7BX6,2023-12-19,41
B07RWR7BX6,2023-12-20,42
B07RWR7BX6,2023-12-21,37
B07RWR7BX6,2023-12-22,31
B07RWR7BX6,2023-12-23,43
B07RWR7BX6,2023-12-24,54
B07RWR7BX6,2023-12-25,42
B07RWR7BX6,2023-12-26,32
B07RWR7BX6,2023-12-27,30
B07RWR7BX6,2023-12-28,36
B07RWR7BX6,2023-12-29,42
B07RWR7BX6,2023-12-30,47
B07RWR7BX6,2023-12-31,58
B07RWR7BX6,2024-01-01,49
B07RWR7BX6,2024-01-02,45
B07RWR7BX6,2024-01-03,42
B07RWR7BX6,2024-01-04,77
B07RWR7BX6,2024-01-05,52
B07RWR7BX6,2024-01-06,53
B07RWR7BX6,2024-01-07,51
B07RWR7BX6,2024-01-08,64
B07RWR7BX6,2024-01-09,48
B07RWR7BX6,2024-01-10,35
B07RWR7BX6,2024-01-11,31
B07RWR7BX6,2024-01-12,27
B07RWR7BX6,2024-01-13,31
B07RWR7BX6,2024-01-14,29
B07RWR7BX6,2024-01-15,34
B07RWR7BX6,2024-01-16,29
B07RWR7BX6,2024-01-17,18
B07RWR7BX6,2024-01-18,21
B07RWR7BX6,2024-01-19,13
B07RWR7BX6,2024-01-20,18
B07RWR7BX6,2024-01-21,28
B07RWR7BX6,2024-01-22,33
B07RWR7BX6,2024-01-23,20
B07RWR7BX6,2024-01-24,18
B07RWR7BX6,2024-01-25,17
B07RWR7BX6,2024-01-26,27
B07RWR7BX6,2024-01-27,26
B07RWR7BX6,2024-01-28,31
B07RWR7BX6,2024-01-29,40
B07RWR7BX6,2024-01-30,27
B07RWR7BX6,2024-01-31,28
B07RWR7BX6,2024-02-01,21
B07RWR7BX6,2024-02-02,19
B07RWR7BX6,2024-02-03,23
B07RWR7BX6,2024-02-04,24
B07RWR7BX6,2024-02-05,22
B07RWR7BX6,2024-02-06,20
B07RWR7BX6,2024-02-07,18
B07RWR7BX6,2024-02-08,17
B07RWR7BX6,2024-02-09,16
B07RWR7BX6,2024-02-10,22
B07RWR7BX6,2024-02-11,20
B07RWR7BX6,2024-02-12,24
B07RWR7BX6,2024-02-13,23
B07RWR7BX6,2024-02-14,22
B07RWR7BX6,2024-02-15,17
B07RWR7BX6,2024-02-16,17
B07RWR7BX6,2024-02-17,20
B07RWR7BX6,2024-02-18,27
B07RWR7BX6,2024-02-19,30
B07RWR7BX6,2024-02-20,24
B07RWR7BX6,2024-02-21,29
B07RWR7BX6,2024-02-22,19
B07RWR7BX6,2024-02-23,20
B07RWR7BX6,2024-02-24,27
B07RWR7BX6,2024-02-25,22
B07RWR7BX6,2024-02-26,25
B07RWR7BX6,2024-02-27,26
B07RWR7BX6,2024-02-28,22
B07RWR7BX6,2024-02-29,20
B07RWR7BX6,2024-03-01,21
B07RWR7BX6,2024-03-02,168
B07RWR7BX6,2024-03-03,168
B07RWR7BX6,2024-03-04,233
B07RWR7BX6,2024-03-05,277
B07RWR7BX6,2024-03-06,230
B07RWR7BX6,2024-03-07,282
B07RWR7BX6,2024-03-08,182
B07RWR7BX6,2024-03-09,214
B07RWR7BX6,2024-03-10,162
B07RWR7BX6,2024-03-11,169
B07RWR7BX6,2024-03-12,193
B07RWR7BX6,2024-03-13,189
B07RWR7BX6,2024-03-14,193
B07RWR7BX6,2024-03-15,226
B07RWR7BX6,2024-03-16,231
B07RWR7BX6,2024-03-17,232
B07RWR7BX6,2024-03-18,286
B07RWR7BX6,2024-03-19,28
B07RWR7BX6,2024-03-20,31
B07RWR7BX6,2024-03-21,30
B07RWR7BX6,2024-03-22,27
B07RWR7BX6,2024-03-23,30
B07RWR7BX6,2024-03-24,38
B07RWR7BX6,2024-03-25,45
B07RWR7BX6,2024-03-26,40
B07RWR7BX6,2024-03-27,38
B07RWR7BX6,2024-03-28,33
B07RWR7BX6,2024-03-29,22
B07RWR7BX6,2024-03-30,24
B07RWR7BX6,2024-03-31,34
B07RWR7BX6,2024-04-01,30
B07RWR7BX6,2024-04-02,33
B07RWR7BX6,2024-04-03,26
B07RWR7BX6,2024-04-04,27
B07RWR7BX6,2024-04-05,21
B07RWR7BX6,2024-04-06,24
B07RWR7BX6,2024-04-07,30
B07RWR7BX6,2024-04-08,31
B07RWR7BX6,2024-04-09,31
B07RWR7BX6,2024-04-10,35
B07RWR7BX6,2024-04-11,28
B07RWR7BX6,2024-04-12,27
B07RWR7BX6,2024-04-13,30
B07RWR7BX6,2024-04-14,43
B07RWR7BX6,2024-04-15,39
B07RWR7BX6,2024-04-16,39
B07RWR7BX6,2024-04-17,26
B07RWR7BX6,2024-04-18,28
B07RWR7BX6,2024-04-19,30
B07RWR7BX6,2024-04-20,30
B07RWR7BX6,2024-04-21,38
B07RWR7BX6,2024-04-22,41
B07RWR7BX6,2024-04-23,41
B07RWR7BX6,2024-04-24,40
B07RWR7BX6,2024-04-25,40
B07RWR7BX6,2024-04-26,33
B07RWR7BX6,2024-04-27,52
B07RWR7BX6,2024-04-28,56
B07RWR7BX6,2024-04-29,52
B07RWR7BX6,2024-04-30,48
B07RWR7BX6,2024-05-01,37
B07RWR7BX6,2024-05-02,34
B07RWR7BX6,2024-05-03,38
B07RWR7BX6,2024-05-04,38
B07RWR7BX6,2024-05-05,41
B07RWR7BX6,2024-05-06,47
B07RWR7BX6,2024-05-07,55
B07RWR7BX6,2024-05-08,49
B07RWR7BX6,2024-05-09,47
B07RWR7BX6,2024-05-10,43
B07RWR7BX6,2024-05-11,46
B07RWR7BX6,2024-05-12,38
B07RWR7BX6,2024-05-13,50
B07RWR7BX6,2024-05-14,47
B07RWR7BX6,2024-05-15,37
B07RWR7BX6,2024-05-16,46
B07RWR7BX6,2024-05-17,39
B07RWR7BX6,2024-05-18,35
B07RWR7BX6,2024-05-19,57
B07RWR7BX6,2024-05-20,59
B07RWR7BX6,2024-05-21,85
B07RWR7BX6,2024-05-22,52
B07RWR7BX6,2024-05-23,85
B07RWR7BX6,2024-05-24,
B07RWR7BX6,2024-05-25,
B07RWR7BX6,2024-05-26,57
B07RWR7BX6,2024-05-27,50
B07RWR7BX6,2024-05-28,32
B07RWR7BX6,2024-05-29,39
B07RWR7BX6,2024-05-30,41
B07RWR7BX6,2024-05-31,24
B07RWR7BX6,2024-06-01,23
B07RWR7BX6,2024-06-02,29
B07RWR7BX6,2024-06-03,35
B07RWR7BX6,2024-06-04,31
B07RWR7BX6,2024-06-05,33
B07RWR7BX6,2024-06-06,33
B07RWR7BX6,2024-06-07,29
B07RWR7BX6,2024-06-08,36
B07RWR7BX6,2024-06-09,41
B07RWR7BX6,2024-06-10,49
B07RWR7BX6,2024-06-11,49
B07RWR7BX6,2024-06-12,44
B07RWR7BX6,2024-06-13,51
B07RWR7BX6,2024-06-14,38
B07RWR7BX6,2024-06-15,41
B07RWR7BX6,2024-06-16,45
B07RWR7BX6,2024-06-17,42
B07RWR7BX6,2024-06-18,33
B07RWR7BX6,2024-06-19,38
B07RWR7BX6,2024-06-20,84
B07RWR7BX6,2024-06-21,79
B07RWR7BX6,2024-06-22,61
B07RWR7BX6,2024-06-23,73
B07RWR7BX6,2024-06-24,79
B07RWR7BX6,2024-06-25,60
B07RWR7BX6,2024-06-26,61
B07RWR7BX6,2024-06-27,57
B07RWR7BX6,2024-06-28,43
B07RWR7BX6,2024-06-29,38
B07RWR7BX6,2024-06-30,41
B07RWR7BX6,2024-07-01,39
B07RWR7BX6,2024-07-02,49
B07RWR7BX6,2024-07-03,45
B07RWR7BX6,2024-07-04,38
B07RWR7BX6,2024-07-05,36
B07RWR7BX6,2024-07-06,40
B07RWR7BX6,2024-07-07,59
B07RWR7BX6,2024-07-08,50
B07RWR7BX6,2024-07-09,56
B07RWR7BX6,2024-07-10,46
B07RWR7BX6,2024-07-11,42
B07RWR7BX6,2024-07-12,46
B07RWR7BX6,2024-07-13,46
B07RWR7BX6,2024-07-14,44
B07RWR7BX6,2024-07-15,61
B07RWR7BX6,2024-07-16,63
B07RWR7BX6,2024-07-17,79
B07RWR7BX6,2024-07-18,67
B07RWR7BX6,2024-07-19,58
B07RWR7BX6,2024-07-20,55
B07RWR7BX6,2024-07-21,57
B07RWR7BX6,2024-07-22,62
B07RWR7BX6,2024-07-23,48
B07RWR7BX6,2024-07-24,52
B07RWR7BX6,2024-07-25,56
B07RWR7BX6,2024-07-26,48
B07RWR7BX6,2024-07-27,87
B07RWR7BX6,2024-07-28,85
B07RWR7BX6,2024-07-29,75
B07RWR7BX6,2024-07-30,55
B07RWR7BX6,2024-07-31,35
B07RWR7BX6,2024-08-01,41
B07RWR7BX6,2024-08-02,59
B07RWR7BX6,2024-08-03,72
B07RWR7BX6,2024-08-04,83
B07RWR7BX6,2024-08-05,91
B07RWR7BX6,2024-08-06,92
B07RWR7BX6,2024-08-07,81
B07RWR7BX6,2024-08-08,89
B07RWR7BX6,2024-08-09,100
B07RWR7BX6,2024-08-10,106
B07RWR7BX6,2024-08-11,102
B07RWR7BX6,2024-08-12,113
B07RWR7BX6,2024-08-13,107
B07RWR7BX6,2024-08-14,136
B07RWR7BX6,2024-08-15,117
B07RWR7BX6,2024-08-16,50
B07RWR7BX6,2024-08-17,51
B07RWR7BX6,2024-08-18,82
B07RWR7BX6,2024-08-19,88
B07RWR7BX6,2024-08-20,65
B07RWR7BX6,2024-08-21,67
B07RWR7BX6,2024-08-22,63
B07RWR7BX6,2024-08-23,36
B07RWR7BX6,2024-08-24,41
B07RWR7BX6,2024-08-25,52
B07RWR7BX6,2024-08-26,43
B07RWR7BX6,2024-08-27,43
B07RWR7BX6,2024-08-28,53
B07RWR7BX6,2024-08-29,35
B07RWR7BX6,2024-08-30,47
B07RWR7BX6,2024-08-31,35
B07RWR7BX6,2024-09-01,48
B07RWR7BX6,2024-09-02,71
B07RWR7BX6,2024-09-03,51
B07RWR7BX6,2024-09-04,60
B07RWR7BX6,2024-09-05,65
B07RWR7BX6,2024-09-06,61
B07RWR7BX6,2024-09-07,64
B07RWR7BX6,2024-09-08,89
B07RWR7BX6,2024-09-09,73
B07RWR7BX6,2024-09-10,113
B07RWR7BX6,2024-09-11,112
B07RWR7BX6,2024-09-12,89
B07RWR7BX6,2024-09-13,41
B07RWR7BX6,2024-09-14,75
B07RWR7BX6,2024-09-15,65
B07RWR7BX6,2024-09-16,68
B07RWR7BX6,2024-09-17,64
B07RWR7BX6,2024-09-18,39
B07RWR7BX6,2024-09-19,41
B07RWR7BX6,2024-09-20,41
B07RWR7BX6,2024-09-21,40
B07RWR7BX6,2024-09-22,75
B07RWR7BX6,2024-09-23,56
B07RWR7BX6,2024-09-24,58
B07RWR7BX6,2024-09-25,42
B07RWR7BX6,2024-09-26,38
B07RWR7BX6,2024-09-27,39
B07RWR7BX6,2024-09-28,50
B07RWR7BX6,2024-09-29,44
B07RWR7BX6,2024-09-30,57
B07RWR7BX6,2024-10-01,68
B07RWR7BX6,2024-10-02,61
B07RWR7BX6,2024-10-03,68
B07RWR7BX6,2024-10-04,43
B07RWR7BX6,2024-10-05,51
B07RWR7BX6,2024-10-06,52
B07RWR7BX6,2024-10-07,63
B07RWR7BX6,2024-10-08,56
B07RWR7BX6,2024-10-09,51
B07RWR7BX6,2024-10-10,46
B07RWR7BX6,2024-10-11,47
B07RWR7BX6,2024-10-12,38
B07RWR7BX6,2024-10-13,58
B07RWR7BX6,2024-10-14,52
B07RWR7BX6,2024-10-15,38
B07RWR7BX6,2024-10-16,34
B07RWR7BX6,2024-10-17,55
B07RWR7BX6,2024-10-18,69
B07RWR7BX6,2024-10-19,73
B07RWR7BX6,2024-10-20,90
B07RWR7BX6,2024-10-21,73
B07RWR7BX6,2024-10-22,63
B07RWR7BX6,2024-10-23,58
B07RWR7BX6,2024-10-24,57
B07RWR7BX6,2024-10-25,29
B07RWR7BX6,2024-10-26,27
B07RWR7BX6,2024-10-27,56
B07RWR7BX6,2024-10-28,47
B07RWR7BX6,2024-10-29,58
B07RWR7BX6,2024-10-30,41
B07RWR7BX6,2024-10-31,35
B07RWR7BX6,2024-11-01,33
B07RWR7BX6,2024-11-02,29
B07RWR7BX6,2024-11-03,35
B07RWR7BX6,2024-11-04,52
B07RWR7BX6,2024-11-05,68
B07RWR7BX6,2024-11-06,110
B07RWR7BX6,2024-11-07,86
B07RWR7BX6,2024-11-08,62
B07RWR7BX6,2024-11-09,55
B07RWR7BX6,2024-11-10,71
B07RWR7BX6,2024-11-11,39
B07RWR7BX6,2024-11-12,41
B07RWR7BX6,2024-11-13,58
B07RWR7BX6,2024-11-14,39
B07RWR7BX6,2024-11-15,22
B07RWR7BX6,2024-11-16,32
B07RWR7BX6,2024-11-17,45
B07RWR7BX6,2024-11-18,64
B07RWR7BX6,2024-11-19,59
B07RWR7BX6,2024-11-20,66
B07RWR7BX6,2024-11-21,67
B07RWR7BX6,2024-11-22,37
B07RWR7BX6,2024-11-23,39
B07RWR7BX6,2024-11-24,49
B07RWR7BX6,2024-11-25,24
B07RWR7BX6,2024-11-26,32
B07RWR7BX6,2024-11-27,32
B07RWR7BX6,2024-11-28,56
B07RWR7BX6,2024-11-29,38
B07RWR7BX6,2024-11-30,52
B07RWR7BX6,2024-12-01,57
B07RWR7BX6,2024-12-02,67
B07RWR7BX6,2024-12-03,64
B07RWR7BX6,2024-12-04,54
B07RWR7BX6,2024-12-05,42
B07RWR7BX6,2024-12-06,49
B07RWR7BX6,2024-12-07,53
B07RWR7BX6,2024-12-08,57
B07RWR7BX6,2024-12-09,81
B07RWR7BX6,2024-12-10,88
B07RWR7BX6,2024-12-11,95
B07RWR7BX6,2024-12-12,51
B07RWR7BX6,2024-12-13,51
B07RWR7BX6,2024-12-14,52
B07RWR7BX6,2024-12-15,68
B07RWR7BX6,2024-12-16,77
B07RWR7BX6,2024-12-17,74
B07RWR7BX6,2024-12-18,57
B07RWR7BX6,2024-12-19,55
B07RWR7BX6,2024-12-20,29
B07RWR7BX6,2024-12-21,31
B07RWR7BX6,2024-12-22,42
B07RWR7BX6,2024-12-23,373
B07RWR7BX6,2024-12-24,258
B07RWR7BX6,2024-12-25,499
B07RWR7BX6,2024-12-26,592
B07RWR7BX6,2024-12-27,965
B07RWR7BX6,2024-12-28,1106
B07RWR7BX6,2024-12-29,1216
B07RWR7BX6,2024-12-30,719
B07RWR7BX6,2024-12-31,951
B07RWR7BX6,2025-01-01,505
B07RWR7BX6,2025-01-02,895
B07RWR7BX6,2025-01-03,1153
B07RWR7BX6,2025-01-04,816
B07RWR7BX6,2025-01-05,628
B07RWR7BX6,2025-01-06,605
B07RWR7BX6,2025-01-07,1029
B07RWR7BX6,2025-01-08,1260
B07RWR7BX6,2025-01-09,1389
B07RWR7BX6,2025-01-10,104
B07RWR7BX6,2025-01-11,62
B07RWR7BX6,2025-01-12,50
B07RWR7BX6,2025-01-13,81
B07RWR7BX6,2025-01-14,53
B07RWR7BX6,2025-01-15,55
B07RWR7BX6,2025-01-16,59
B07RWR7BX6,2025-01-17,50
B07RWR7BX6,2025-01-18,42
B07RWR7BX6,2025-01-19,49
B07RWR7BX6,2025-01-20,39
B07RWR7BX6,2025-01-21,27
B07RWR7BX6,2025-01-22,27
B07RWR7BX6,2025-01-23,43
B07RWR7BX6,2025-01-24,45
B07RWR7BX6,2025-01-25,48
B07RWR7BX6,2025-01-26,83
B07RWR7BX6,2025-01-27,68
B07RWR7BX6,2025-01-28,61
B07RWR7BX6,2025-01-29,61
B07RWR7BX6,2025-01-30,35
B07RWR7BX6,2025-01-31,47
B07RWR7BX6,2025-02-01,46
B07RWR7BX6,2025-02-02,101
B07RWR7BX6,2025-02-03,68
B07RWR7BX6,2025-02-04,97
B07RWR7BX6,2025-02-05,95
B07RWR7BX6,2025-02-06,70
B07RWR7BX6,2025-02-07,28
B07RWR7BX6,2025-02-08,41
B07RWR7BX6,2025-02-09,63
B07RWR7BX6,2025-02-10,60
B07RWR7BX6,2025-02-11,61
B07RWR7BX6,2025-02-12,109
B07RWR7BX6,2025-02-13,73
B07RWR7BX6,2025-02-14,66
B07RWR7BX6,2025-02-15,65
B07RWR7BX6,2025-02-16,38
B07RWR7BX6,2025-02-17,43
B07RWR7BX6,2025-02-18,52
B07RWR7BX6,2025-02-19,36
B07RWR7BX6,2025-02-20,67
B07RWR7BX6,2025-02-21,78
B07RWR7BX6,2025-02-22,83
B07RWR7BX6,2025-02-23,95
B07RWR7BX6,2025-02-24,127
B07RWR7BX6,2025-02-25,135
B07RWR7BX6,2025-02-26,113
B07RWR7BX6,2025-02-27,115
B07RWR7BX6,2025-02-28,74
B07RWR7BX6,2025-03-01,63
B07RWR7BX6,2025-03-02,67
B07RWR7BX6,2025-03-03,63
B07RWR7BX6,2025-03-04,60
B07RWR7BX6,2025-03-05,56
B07RWR7BX6,2025-03-06,59
B07RWR7BX6,2025-03-07,71
B07RWR7BX6,2025-03-08,68
B07RWR7BX6,2025-03-09,114
B07RWR7BX6,2025-03-10,52
B07RWR7BX6,2025-03-11,52
B07RWR7BX6,2025-03-12,53
B07RWR7BX6,2025-03-13,76
B07RWR7BX6,2025-03-14,38
B07RWR7BX6,2025-03-15,48
B07RWR7BX6,2025-03-16,47
B07RWR7BX6,2025-03-17,39
B07RWR7BX6,2025-03-18,42
B07RWR7BX6,2025-03-19,38
B07RWR7BX6,2025-03-20,39
B07RWR7BX6,2025-03-21,50
B07RWR7BX6,2025-03-22,53
B07RWR7BX6,2025-03-23,49
B07RWR7BX6,2025-03-24,48
B07RWR7BX6,2025-03-25,34
B07RWR7BX6,2025-03-26,34
B07RWR7BX6,2025-03-27,27
B07RWR7BX6,2025-03-28,22
B07RWR7BX6,2025-03-29,24
B07RWR7BX6,2025-03-30,31
B07RWR7BX6,2025-03-31,33
B07RWR7BX6,2025-04-01,31
B07RWR7BX6,2025-04-02,33
B07RWR7BX6,2025-04-03,29
B07RWR7BX6,2025-04-04,26
B07RWR7BX6,2025-04-05,32
B07RWR7BX6,2025-04-06,66
B07RWR7BX6,2025-04-07,66
B07RWR7BX6,2025-04-08,100
B07RWR7BX6,2025-04-09,101
B07RWR7BX6,2025-04-10,
B07RWR7BX6,2025-04-11,
B07RWR7BX6,2025-04-12,94
B07RWR7BX6,2025-04-13,
B07RWR7BX6,2025-04-14,
B07RWR7BX6,2025-04-15,85
B07RWR7BX6,2025-04-16,81
B07RWR7BX6,2025-04-17,55
B07RWR7BX6,2025-04-18,50
B07RWR7BX6,2025-04-19,73
B07RWR7BX6,2025-04-20,78
B07RWR7BX6,2025-04-21,77
B07RWR7BX6,2025-04-22,67
B07RWR7BX6,2025-04-23,96
B07RWR7BX6,2025-04-24,82
B07RWR7BX6,2025-04-25,92
B07RWR7BX6,2025-04-26,116
B07RWR7BX6,2025-04-27,91
B07RWR7BX6,2025-04-28,108
B07RWR7BX6,2025-04-29,87
B07RWR7BX6,2025-04-30,87
B07RWR7BX6,2025-05-01,42
B07RWR7BX6,2025-05-02,41
B07RWR7BX6,2025-05-03,41
B07RWR7BX6,2025-05-04,50
B07RWR7BX6,2025-05-05,55
B07RWR7BX6,2025-05-06,77
B07RWR7BX6,2025-05-07,112
B07RWR7BX6,2025-05-08,93
B07RWR7BX6,2025-05-09,93
B07RWR7BX6,2025-05-10,98
B07RWR7BX6,2025-05-11,100
B07RWR7BX6,2025-05-12,102
B07RWR7BX6,2025-05-13,113
B07RWR7BX6,2025-05-14,106
B07RWR7BX6,2025-05-15,101
B07RWR7BX6,2025-05-16,98
B07RWR7BX6,2025-05-17,84
B07RWR7BX6,2025-05-18,82
B07RWR7BX6,2025-05-19,99
B07RWR7BX6,2025-05-20,113
B07RWR7BX6,2025-05-21,110
B07RWR7BX6,2025-05-22,112
B07RWR7BX6,2025-05-23,104
B07RWR7BX6,2025-05-24,102
B07RWR7BX6,2025-05-25,120
B07RWR7BX6,2025-05-26,118
B07RWR7BX6,2025-05-27,134
B07RWR7BX6,2025-05-28,125
B07RWR7BX6,2025-05-29,122
B07RWR7BX6,2025-05-30,106
B07RWR7BX6,2025-05-31,74
B07RWR7BX6,2025-06-01,70
B07RWR7BX6,2025-06-02,86
B07RWR7BX6,2025-06-03,74
B07RWR7BX6,2025-06-04,72
B07RWR7BX6,2025-06-05,
B07RWR7BX6,2025-06-06,91
B07RWR7BX6,2025-06-07,110
B07RWR7BX6,2025-06-08,115
B07RWR7BX6,2025-06-09,113
B07RWR7BX6,2025-06-10,116
B07RWR7BX6,2025-06-11,95
B07RWR7BX6,2025-06-12,112
B07RWR7BX6,2025-06-13,129
B07RWR7BX6,2025-06-14,121
B07RWR7BX6,2025-06-15,118
B07RWR7BX6,2025-06-16,115
B07RWR7BX6,2025-06-17,112
B07RWR7BX6,2025-06-18,128
B07RWR7BX6,2025-06-19,96
B07RWR7BX6,2025-06-20,95
B07RWR7BX6,2025-06-21,97
B07RWR7BX6,2025-06-22,109
B07RWR7BX6,2025-06-23,106
B07RWR7BX6,2025-06-24,121
B07RWR7BX6,2025-06-25,123
B07RWR7BX6,2025-06-26,119
B07RWR7BX6,2025-06-27,114
B07RWR7BX6,2025-06-28,94
B07RWR7BX6,2025-06-29,93
B07RWR7BX6,2025-06-30,91
B07RWR7BX6,2025-07-01,75
B07RWR7BX6,2025-07-02,77
B07RWR7BX6,2025-07-03,86
B07RWR7BX6,2025-07-04,84
B07RWR7BX6,2025-07-05,77
B07RWR7BX6,2025-07-06,76
B07RWR7BX6,2025-07-07,
B07RWR7BX6,2025-07-08,124
B07RWR7BX6,2025-07-09,141
B07RWR7BX6,2025-07-10,158
B07RWR7BX6,2025-07-11,174
B07RWR7BX6,2025-07-12,197
B07RWR7BX6,2025-07-13,192
B07RWR7BX6,2025-07-14,203
B07RWR7BX6,2025-07-15,154
B07RWR7BX6,2025-07-16,138
B07RWR7BX6,2025-07-17,128
B07RWR7BX6,2025-07-18,118
B07RWR7BX6,2025-07-19,113
B07RWR7BX6,2025-07-20,106
B07RWR7BX6,2025-07-21,107
B07RWR7BX6,2025-07-22,132
B07RWR7BX6,2025-07-23,100
B07RWR7BX6,2025-07-24,105
B07RWR7BX6,2025-07-25,91
B07RWR7BX6,2025-07-26,
B07RWR7BX6,2025-07-27,84
B07RWR7BX6,2025-07-28,113
B07RWR7BX6,2025-07-29,101
B07RWR7BX6,2025-07-30,116
B07RWR7BX6,2025-07-31,104
B07RWR7BX6,2025-08-01,105
B07RWR7BX6,2025-08-02,106
B07RWR7BX6,2025-08-03,116
B07RWR7BX6,2025-08-04,137
B07RWR7BX6,2025-08-05,145
B07RWR7BX6,2025-08-06,140
B07RWR7BX6,2025-08-07,124
B07RWR7BX6,2025-08-08,121
B07RWR7BX6,2025-08-09,111
B07RWR7BX6,2025-08-10,116
B07RWR7BX6,2025-08-11,129
B07RWR7BX6,2025-08-12,147
B07RWR7BX6,2025-08-13,165
B07RWR7BX6,2025-08-14,161
B07RWR7BX6,2025-08-15,159
B07RWR7BX6,2025-08-16,164
B07RWR7BX6,2025-08-17,167
B07RWR7BX6,2025-08-18,234
B07RWR7BX6,2025-08-19,179
B07RWR7BX6,2025-08-20,139
B07RWR7BX6,2025-08-21,140
B07RWR7BX6,2025-08-22,142
B07RWR7BX6,2025-08-23,132
B07RWR7BX6,2025-08-24,133
B07RWR7BX6,2025-08-25,163
B07RWR7BX6,2025-08-26,110
B07RWR7BX6,2025-08-27,113
B07RWR7BX6,2025-08-28,104
B07RWR7BX6,2025-08-29,121
B07RWR7BX6,2025-08-30,138
B07RWR7BX6,2025-08-31,134
B07RWR7BX6,2025-09-01,157
B07RWR7BX6,2025-09-02,108
B07RWR7BX6,2025-09-03,105
B07RWR7BX6,2025-09-04,104
B07RWR7BX6,2025-09-05,109
B07RWR7BX6,2025-09-06,106
B07RWR7BX6,2025-09-07,129
B07RWR7BX6,2025-09-08,159
B07RWR7BX6,2025-09-09,
B07RWR7BX6,2025-09-10,166
B07RWR7BX6,2025-09-11,167
B07RWR7BX6,2025-09-12,128
B07RWR7BX6,2025-09-13,102
B07RWR7BX6,2025-09-14,136
B07RWR7BX6,2025-09-15,128
B07RWR7BX6,2025-09-16,
B07RWR7BX6,2025-09-17,131
B07RWR7BX6,2025-09-18,100
B07RWR7BX6,2025-09-19,126
B07RWR7BX6,2025-09-20,152
B07RWR7BX6,2025-09-21,143
B07RWR7BX6,2025-09-22,180
B07RWR7BX6,2025-09-23,116
B07RWR7BX6,2025-09-24,119
B07RWR7BX6,2025-09-25,110
B07RWR7BX6,2025-09-26,96
B07RWR7BX6,2025-09-27,95
B07RWR7BX6,2025-09-28,66
B07RWR7BX6,2025-09-29,109
B07RWR7BX6,2025-09-30,89
B07RWR7BX6,2025-10-01,76
B07RWR7BX6,2025-10-02,
B07RWR7BX6,2025-10-03,69
B07RWR7BX6,2025-10-04,72
B07RWR7BX6,2025-10-05,89
B07RWR7BX6,2025-10-06,124
B07RWR7BX6,2025-10-07,193
B07RWR7BX6,2025-10-08,167
B07RWR7BX6,2025-10-09,178
B07RWR7BX6,2025-10-10,172
B07RWR7BX6,2025-10-11,164
B07RWR7BX6,2025-10-12,168
B07RWR7BX6,2025-10-13,171
B07RWR7BX6,2025-10-14,191
B07RWR7BX6,2025-10-15,173
B07RWR7BX6,2025-10-16,123
B07RWR7BX6,2025-10-17,145
B07RWR7BX6,2025-10-18,154
B07RWR7BX6,2025-10-19,125
B07RWR7BX6,2025-10-20,131
B07RWR7BX6,2025-10-21,
B07RWR7BX6,2025-10-22,113
B07RWR7BX6,2025-10-23,100
B07RWR7BX6,2025-10-24,99
B07RWR7BX6,2025-10-25,104
B07RWR7BX6,2025-10-26,
B07RWR7BX6,2025-10-27,110
B07RWR7BX6,2025-10-28,79
B07RWR7BX6,2025-10-29,78
B07RWR7BX6,2025-10-30,70
B07RWR7BX6,2025-10-31,69
B07RWR7BX6,2025-11-01,59
B07RWR7BX6,2025-11-02,62
B07RWR7BX6,2025-11-03,71
B07RWR7BX6,2025-11-04,70
B07RWR7BX6,2025-11-05,
B07RWR7BX6,2025-11-06,53
B07RWR7BX6,2025-11-07,85
B07RWR7BX6,2025-11-08,97
B07RWR7BX6,2025-11-09,96
B07RWR7BX6,2025-11-10,138
B07RWR7BX6,2025-11-11,166
B07RWR7BX6,2025-11-12,160
B07RWR7BX6,2025-11-13,158
B07RWR7BX6,2025-11-14,141
B07RWR7BX6,2025-11-15,142
B07RWR7BX6,2025-11-16,211
B07RWR7BX6,2025-11-17,210
B07RWR7BX6,2025-11-18,159
B07RWR7BX6,2025-11-19,182
B07RWR7BX6,2025-11-20,134
B07RWR7BX6,2025-11-21,125
B07RWR7BX6,2025-11-22,129
B07RWR7BX6,2025-11-23,134
B07RWR7BX6,2025-11-24,170
B07RWR7BX6,2025-11-25,169
B07RWR7BX6,2025-11-26,162
B07RWR7BX6,2025-11-27,147
B07RWR7BX6,2025-11-28,149
B07RWR7BX6,2025-11-29,118
B07RWR7BX6,2025-11-30,109
B07RWR7BX6,2025-12-01,135
B07RWR7BX6,2025-12-02,98
B07RWR7BX6,2025-12-03,96
B07RWR7BX6,2025-12-04,106
B07RWR7BX6,2025-12-05,97
B07RWR7BX6,2025-12-06,92
B07RWR7BX6,2025-12-07,93
B07RWR7BX6,2025-12-08,121
B07RWR7BX6,2025-12-09,105
B07RWR7BX6,2025-12-10,108
B07RWR7BX6,2025-12-11,139
B07RWR7BX6,2025-12-12,146
B07RWR7BX6,2025-12-13,164
B07RWR7BX6,2025-12-14,165
B07RWR7BX6,2025-12-15,204
B07RWR7BX6,2025-12-16,189
B07RWR7BX6,2025-12-17,191
B07RWR7BX6,2025-12-18,107
B07RWR7BX6,2025-12-19,108
B07RWR7BX6,2025-12-20,128
B07RWR7BX6,2025-12-21,112
B07RWR7BX6,2025-12-22,113
B07RWR7BX6,2025-12-23,154
B07RWR7BX6,2025-12-24,162
B07RWR7BX6,2025-12-25,165
B07RWR7BX6,2025-12-26,174
B07RWR7BX6,2025-12-27,173
B07RWR7BX6,2025-12-28,213
B07RWR7BX6,2025-12-29,339
B07RWR7BX6,2025-12-30,231
B07RWR7BX6,2025-12-31,233
