繧ｫ繝・ざ繝ｪ: 繧ｫ繝｡繝ｩ縲∝・逵滓ｩ滓攝,,,,,
,,,,,
date,解像度,サイズ,価格,ズーム性能,カテゴリ
2023/1/1,14,17,26,23,77
2023/1/8,15,18,25,24,75
2023/1/15,14,16,25,24,75
2023/1/22,13,15,26,23,71
2023/1/29,15,18,27,27,73
2023/2/5,15,18,30,24,78
2023/2/12,15,16,27,25,79
2023/2/19,14,18,29,25,99
2023/2/26,14,18,27,23,84
2023/3/5,16,20,25,23,87
2023/3/12,14,17,25,23,83
2023/3/19,15,19,27,23,76
2023/3/26,16,17,24,23,83
2023/4/2,15,17,23,22,82
2023/4/9,13,17,24,23,82
2023/4/16,16,17,28,23,84
2023/4/23,15,16,25,22,85
2023/4/30,15,17,26,23,89
2023/5/7,16,16,31,27,80
2023/5/14,16,18,27,22,83
2023/5/21,15,19,26,24,88
2023/5/28,14,18,23,22,81
2023/6/4,16,17,24,22,83
2023/6/11,18,16,26,27,74
2023/6/18,17,16,26,23,75
2023/6/25,14,15,22,24,74
2023/7/2,15,15,23,24,70
2023/7/9,15,17,24,24,76
2023/7/16,15,16,23,23,73
2023/7/23,14,15,23,25,74
2023/7/30,14,16,24,26,79
2023/8/6,14,15,23,24,76
2023/8/13,16,16,22,23,74
2023/8/20,14,15,22,25,75
2023/8/27,16,19,25,26,85
2023/9/3,14,18,25,25,79
2023/9/10,15,27,34,32,100
2023/9/17,16,24,35,33,87
2023/9/24,16,27,34,31,91
2023/10/1,16,23,30,31,94
2023/10/8,16,24,33,27,88
2023/10/15,15,22,26,27,85
2023/10/22,16,22,28,28,89
2023/10/29,16,21,29,27,90
2023/11/5,16,21,28,26,94
2023/11/12,13,19,26,25,81
2023/11/19,15,18,26,26,83
2023/11/26,16,20,26,28,87
2023/12/3,15,19,26,27,83
2023/12/10,15,18,28,28,79
2023/12/17,14,18,23,25,72
2023/12/24,12,16,23,21,66
2023/12/31,15,18,24,22,72
2024/1/7,16,18,24,25,72
2024/1/14,15,20,23,25,76
2024/1/21,14,17,23,26,79
2024/1/28,14,19,25,26,82
2024/2/4,15,18,24,27,81
2024/2/11,15,21,25,25,84
2024/2/18,15,20,26,26,88
2024/2/25,15,20,24,27,77
2024/3/3,15,22,26,26,84
2024/3/10,16,21,25,27,91
2024/3/17,15,21,27,27,91
2024/3/24,15,19,24,24,90
2024/3/31,14,19,24,23,86
2024/4/7,16,20,22,25,92
2024/4/14,18,19,23,28,94
2024/4/21,15,20,24,26,90
2024/4/28,17,21,25,26,98
2024/5/5,16,21,24,28,95
2024/5/12,17,22,26,26,94
2024/5/19,19,20,28,26,96
2024/5/26,15,19,24,26,89
2024/6/2,15,19,23,26,89
2024/6/9,16,17,22,25,84
2024/6/16,15,16,23,26,85
2024/6/23,15,16,23,27,76
2024/6/30,16,15,23,27,81
2024/7/7,14,15,21,23,78
2024/7/14,16,15,21,25,85
2024/7/21,14,16,20,25,74
2024/7/28,13,15,21,23,73
2024/8/4,15,14,19,22,74
2024/8/11,13,16,22,23,76
2024/8/18,16,16,22,24,79
2024/8/25,15,14,22,25,74
2024/9/1,16,16,22,25,77
2024/9/8,17,24,30,28,85
2024/9/15,16,23,27,28,89
2024/9/22,15,24,28,27,85
2024/9/29,15,21,24,25,85
2024/10/6,14,22,24,27,87
2024/10/13,16,23,25,27,95
2024/10/20,17,20,25,27,87
2024/10/27,14,19,23,27,86
2024/11/3,16,20,25,28,91
2024/11/10,17,19,25,26,90
2024/11/17,17,19,22,26,87
2024/11/24,16,19,24,26,89
2024/12/1,18,20,26,29,89
2024/12/8,17,19,25,26,88
2024/12/15,16,18,24,28,85
2024/12/22,15,15,21,26,76
2024/12/29,16,18,23,21,85
2025/1/5,16,20,24,26,79
2025/1/12,15,19,23,28,83
2025/1/19,15,18,22,27,81
2025/1/26,15,18,21,26,82
2025/2/2,15,17,24,26,83
2025/2/9,16,19,25,27,81
2025/2/16,15,21,26,30,87
2025/2/23,16,22,26,27,91
2025/3/2,17,18,25,28,89
2025/3/9,16,19,23,26,89
2025/3/16,18,21,27,29,89
2025/3/23,16,20,26,27,86
2025/3/30,15,19,25,25,84
2025/4/6,16,21,22,28,87
2025/4/13,18,17,24,26,83
2025/4/20,15,16,23,24,83
2025/4/27,17,22,25,23,90
2025/5/4,16,21,23,25,91
2025/5/11,17,20,25,27,86
2025/5/18,17,18,24,25,85
2025/5/25,18,18,24,24,89
2025/6/1,15,18,22,26,81
2025/6/8,16,17,22,26,79
2025/6/15,15,16,20,26,76
2025/6/22,15,16,22,24,72
2025/6/29,16,15,20,24,74
2025/7/6,15,16,22,24,73
2025/7/13,16,16,21,24,72
2025/7/20,15,15,22,24,76
2025/7/27,14,14,20,24,71
2025/8/3,16,15,20,23,79
2025/8/10,17,15,21,22,76
2025/8/17,17,17,24,24,85
2025/8/24,17,17,21,24,83
2025/8/31,17,18,21,24,84
2025/9/7,17,29,29,30,85
2025/9/14,16,27,27,26,81
2025/9/21,16,22,24,25,81
2025/9/28,16,22,24,27,83
2025/10/5,16,23,23,27,82
2025/10/12,16,21,22,24,86
2025/10/19,15,21,24,25,77
2025/10/26,15,18,22,25,75
2025/11/2,14,20,22,26,77
2025/11/9,14,19,23,25,75
2025/11/16,15,18,23,26,76
2025/11/23,16,21,24,25,83
2025/11/30,16,17,23,26,79
2025/12/7,17,17,23,24,83
2025/12/14,16,16,23,25,81
2025/12/21,14,15,21,22,84
2025/12/28,15,18,23,21,81
