date,解像度,サイズ,価格,ズーム性能,week,カテゴリ
2023/1/1,65,60,62,56,2023/1/1,66
2023/1/2,56,43,71,70,2023/1/8,62
2023/1/3,53,89,62,70,2023/1/15,64
2023/1/4,69,72,51,68,2023/1/22,61
2023/1/5,80,71,74,66,2023/1/29,63
2023/1/6,75,60,65,60,2023/2/5,65
2023/1/7,69,72,78,60,2023/2/12,67
2023/1/8,62,79,72,76,2023/2/19,70
2023/1/9,65,70,57,83,2023/2/26,70
2023/1/10,82,51,65,61,2023/3/5,71
2023/1/11,82,49,55,57,2023/3/12,69
2023/1/12,81,76,69,79,2023/3/19,63
2023/1/13,98,67,69,52,2023/3/26,70
2023/1/14,64,53,65,81,2023/4/2,68
2023/1/15,71,64,78,72,2023/4/9,71
2023/1/16,82,48,60,73,2023/4/16,70
2023/1/17,74,72,67,57,2023/4/23,75
2023/1/18,79,63,57,51,2023/4/30,74
2023/1/19,66,60,51,82,2023/5/7,74
2023/1/20,67,58,75,52,2023/5/14,74
2023/1/21,52,57,64,50,2023/5/21,71
2023/1/22,60,53,74,61,2023/5/28,71
2023/1/23,67,67,66,68,2023/6/4,71
2023/1/24,79,64,64,54,2023/6/11,65
2023/1/25,78,58,66,55,2023/6/18,64
2023/1/26,81,61,55,54,2023/6/25,63
2023/1/27,65,35,56,55,2023/7/2,59
2023/1/28,84,34,69,78,2023/7/9,64
2023/1/29,72,55,69,90,2023/7/16,62
2023/1/30,73,55,79,68,2023/7/23,63
2023/1/31,100,64,70,61,2023/7/30,67
2023/2/1,80,59,70,63,2023/8/6,65
2023/2/2,81,90,68,62,2023/8/13,63
2023/2/3,78,72,51,75,2023/8/20,63
2023/2/4,70,68,86,72,2023/8/27,71
2023/2/5,71,67,72,96,2023/9/3,67
2023/2/6,74,66,71,74,2023/9/10,100
2023/2/7,94,61,71,65,2023/9/17,73
2023/2/8,64,66,83,56,2023/9/24,80
2023/2/9,78,63,72,46,2023/10/1,77
2023/2/10,64,46,70,49,2023/10/8,73
2023/2/11,64,87,75,76,2023/10/15,73
2023/2/12,68,82,68,73,2023/10/22,75
2023/2/13,75,55,68,65,2023/10/29,75
2023/2/14,71,56,66,72,2023/11/5,77
2023/2/15,86,69,72,63,2023/11/12,68
2023/2/16,72,69,47,60,2023/11/19,70
2023/2/17,73,62,61,67,2023/11/26,75
2023/2/18,73,74,85,59,2023/12/3,70
2023/2/19,75,71,80,80,2023/12/10,67
2023/2/20,89,64,77,73,2023/12/17,60
2023/2/21,75,71,62,62,2023/12/24,55
2023/2/22,87,56,76,69,2023/12/31,61
2023/2/23,87,58,68,86,2024/1/7,60
2023/2/24,65,60,60,59,2024/1/14,65
2023/2/25,50,64,78,63,2024/1/21,66
2023/2/26,70,69,81,65,2024/1/28,69
2023/2/27,81,54,57,65,2024/2/4,69
2023/2/28,59,70,77,73,2024/2/11,69
2023/3/1,68,50,56,63,2024/2/18,74
2023/3/2,64,56,73,62,2024/2/25,67
2023/3/3,78,67,55,64,2024/3/3,73
2023/3/4,73,63,77,82,2024/3/10,75
2023/3/5,71,66,76,84,2024/3/17,78
2023/3/6,75,88,78,78,2024/3/24,76
2023/3/7,73,65,70,92,2024/3/31,74
2023/3/8,64,62,69,67,2024/4/7,79
2023/3/9,71,59,57,67,2024/4/14,80
2023/3/10,61,64,52,67,2024/4/21,77
2023/3/11,56,54,57,96,2024/4/28,83
2023/3/12,79,99,62,80,2024/5/5,81
2023/3/13,70,43,68,69,2024/5/12,80
2023/3/14,65,62,49,62,2024/5/19,80
2023/3/15,80,54,68,68,2024/5/26,75
2023/3/16,76,54,60,55,2024/6/2,75
2023/3/17,80,67,61,56,2024/6/9,72
2023/3/18,65,63,72,80,2024/6/16,73
2023/3/19,59,60,72,95,2024/6/23,65
2023/3/20,77,81,67,68,2024/6/30,67
2023/3/21,53,83,74,76,2024/7/7,66
2023/3/22,63,56,65,58,2024/7/14,72
2023/3/23,67,64,58,62,2024/7/21,64
2023/3/24,69,51,69,70,2024/7/28,62
2023/3/25,68,52,68,81,2024/8/4,62
2023/3/26,66,52,67,65,2024/8/11,66
2023/3/27,75,79,67,55,2024/8/18,67
2023/3/28,65,66,53,71,2024/8/25,62
2023/3/29,86,69,70,56,2024/9/1,66
2023/3/30,74,69,54,70,2024/9/8,72
2023/3/31,63,75,69,48,2024/9/15,76
2023/4/1,57,97,56,72,2024/9/22,72
2023/4/2,70,100,75,74,2024/9/29,72
2023/4/3,68,64,60,70,2024/10/6,72
2023/4/4,73,59,63,66,2024/10/13,80
2023/4/5,59,53,65,51,2024/10/20,75
2023/4/6,75,54,50,64,2024/10/27,73
2023/4/7,71,68,63,61,2024/11/3,77
2023/4/8,50,67,66,82,2024/11/10,77
2023/4/9,68,62,58,78,2024/11/17,74
2023/4/10,74,57,53,62,2024/11/24,75
2023/4/11,75,58,66,82,2024/12/1,76
2023/4/12,75,46,76,68,2024/12/8,74
2023/4/13,69,57,69,53,2024/12/15,72
2023/4/14,67,58,57,62,2024/12/22,65
2023/4/15,67,49,75,74,2024/12/29,74
2023/4/16,61,62,69,75,2025/1/5,68
2023/4/17,73,71,69,77,2025/1/12,70
2023/4/18,65,79,60,42,2025/1/19,67
2023/4/19,74,67,77,64,2025/1/26,70
2023/4/20,74,72,75,49,2025/2/2,70
2023/4/21,71,73,65,86,2025/2/9,68
2023/4/22,64,73,59,59,2025/2/16,74
2023/4/23,67,59,69,82,2025/2/23,77
2023/4/24,67,60,60,64,2025/3/2,75
2023/4/25,90,68,61,67,2025/3/9,75
2023/4/26,84,64,67,40,2025/3/16,75
2023/4/27,50,58,67,63,2025/3/23,73
2023/4/28,63,53,57,54,2025/3/30,71
2023/4/29,57,71,66,73,2025/4/6,75
2023/4/30,73,67,72,67,2025/4/13,70
2023/5/1,63,67,68,85,2025/4/20,71
2023/5/2,65,64,64,57,2025/4/27,76
2023/5/3,63,61,66,63,2025/5/4,76
2023/5/4,71,55,62,71,2025/5/11,72
2023/5/5,64,72,68,77,2025/5/18,72
2023/5/6,71,70,68,82,2025/5/25,75
2023/5/7,89,76,65,84,2025/6/1,69
2023/5/8,87,71,66,58,2025/6/8,67
2023/5/9,84,73,65,63,2025/6/15,63
2023/5/10,78,66,98,62,2025/6/22,60
2023/5/11,71,66,100,59,2025/6/29,63
2023/5/12,77,65,87,56,2025/7/6,62
2023/5/13,70,79,89,68,2025/7/13,62
2023/5/14,70,71,87,74,2025/7/20,64
2023/5/15,81,69,76,63,2025/7/27,60
2023/5/16,84,79,69,74,2025/8/3,67
2023/5/17,97,35,70,67,2025/8/10,64
2023/5/18,69,65,61,71,2025/8/17,72
2023/5/19,65,58,60,58,2025/8/24,70
2023/5/20,51,75,67,83,2025/8/31,71
2023/5/21,80,70,50,82,2025/9/7,72
2023/5/22,73,69,59,72,2025/9/14,69
2023/5/23,82,66,57,69,2025/9/21,69
2023/5/24,77,81,67,80,2025/9/28,70
2023/5/25,70,64,70,69,2025/10/5,71
2023/5/26,75,73,65,59,2025/10/12,73
2023/5/27,71,68,85,100,2025/10/19,65
2023/5/28,72,76,70,85,2025/10/26,64
2023/5/29,71,69,66,76,2025/11/2,65
2023/5/30,71,63,56,72,2025/11/9,64
2023/5/31,67,59,64,64,2025/11/16,65
2023/6/1,76,59,60,61,2025/11/23,70
2023/6/2,66,69,59,59,2025/11/30,68
2023/6/3,59,58,64,82,2025/12/7,71
2023/6/4,54,74,66,75,2025/12/14,69
2023/6/5,57,70,71,70,2025/12/21,66
2023/6/6,67,60,57,75,2025/12/28,68
2023/6/7,70,65,64,60,,
2023/6/8,73,65,58,58,,
2023/6/9,64,76,62,56,,
2023/6/10,66,84,61,68,,
2023/6/11,70,76,75,64,,
2023/6/12,79,82,67,54,,
2023/6/13,88,77,72,77,,
2023/6/14,78,90,57,74,,
2023/6/15,95,82,63,43,,
2023/6/16,61,73,57,64,,
2023/6/17,63,74,57,49,,
2023/6/18,54,82,65,64,,
2023/6/19,79,74,60,72,,
2023/6/20,75,57,61,57,,
2023/6/21,74,71,70,64,,
2023/6/22,88,80,77,66,,
2023/6/23,68,62,71,52,,
2023/6/24,67,80,62,65,,
2023/6/25,66,68,64,77,,
2023/6/26,65,61,63,74,,
2023/6/27,79,57,55,52,,
2023/6/28,74,63,54,47,,
2023/6/29,72,54,61,58,,
2023/6/30,77,65,53,44,,
2023/7/1,67,55,68,57,,
2023/7/2,57,67,59,57,,
2023/7/3,71,78,68,60,,
2023/7/4,84,65,57,75,,
2023/7/5,90,60,63,53,,
2023/7/6,73,87,62,58,,
2023/7/7,69,29,54,55,,
2023/7/8,74,72,65,63,,
2023/7/9,61,76,58,65,,
2023/7/10,72,63,52,64,,
2023/7/11,67,67,67,60,,
2023/7/12,85,80,71,65,,
2023/7/13,84,61,77,76,,
2023/7/14,69,55,57,62,,
2023/7/15,51,65,49,75,,
2023/7/16,64,75,68,89,,
2023/7/17,56,59,56,65,,
2023/7/18,85,69,55,63,,
2023/7/19,70,55,57,71,,
2023/7/20,72,63,59,59,,
2023/7/21,73,67,58,46,,
2023/7/22,63,54,72,52,,
2023/7/23,77,58,62,57,,
2023/7/24,74,64,59,63,,
2023/7/25,73,73,62,48,,
2023/7/26,81,69,62,56,,
2023/7/27,69,44,54,51,,
2023/7/28,54,58,47,54,,
2023/7/29,74,50,54,59,,
2023/7/30,60,73,66,69,,
2023/7/31,79,53,52,61,,
2023/8/1,72,66,69,59,,
2023/8/2,61,57,55,60,,
2023/8/3,84,58,65,74,,
2023/8/4,89,59,57,51,,
2023/8/5,58,53,62,57,,
2023/8/6,73,63,65,51,,
2023/8/7,75,54,61,66,,
2023/8/8,83,61,57,68,,
2023/8/9,70,59,59,50,,
2023/8/10,70,66,64,51,,
2023/8/11,77,56,59,57,,
2023/8/12,70,64,60,62,,
2023/8/13,66,35,58,46,,
2023/8/14,52,76,63,49,,
2023/8/15,61,61,55,73,,
2023/8/16,83,75,57,55,,
2023/8/17,73,60,53,56,,
2023/8/18,66,94,48,57,,
2023/8/19,64,68,52,85,,
2023/8/20,75,66,58,66,,
2023/8/21,58,54,58,69,,
2023/8/22,67,61,58,61,,
2023/8/23,74,50,57,52,,
2023/8/24,78,69,60,52,,
2023/8/25,84,67,57,63,,
2023/8/26,72,60,44,66,,
2023/8/27,56,84,56,54,,
2023/8/28,78,68,43,66,,
2023/8/29,71,89,59,61,,
2023/8/30,94,88,64,75,,
2023/8/31,81,61,75,90,,
2023/9/1,56,62,72,42,,
2023/9/2,54,57,68,41,,
2023/9/3,53,66,56,43,,
2023/9/4,46,66,82,41,,
2023/9/5,43,58,65,40,,
2023/9/6,53,63,64,33,,
2023/9/7,48,74,63,37,,
2023/9/8,50,64,64,34,,
2023/9/9,58,77,77,46,,
2023/9/10,47,52,78,52,,
2023/9/11,54,64,68,43,,
2023/9/12,83,59,80,64,,
2023/9/13,100,84,95,100,,
2023/9/14,75,75,88,75,,
2023/9/15,70,82,92,60,,
2023/9/16,57,92,86,58,,
2023/9/17,59,72,83,68,,
2023/9/18,49,93,85,64,,
2023/9/19,69,69,70,40,,
2023/9/20,75,72,97,42,,
2023/9/21,78,74,100,47,,
2023/9/22,67,70,100,52,,
2023/9/23,72,60,80,63,,
2023/9/24,68,55,90,82,,
2023/9/25,63,74,78,70,,
2023/9/26,62,61,92,61,,
2023/9/27,69,79,94,48,,
2023/9/28,65,79,73,56,,
2023/9/29,75,64,79,75,,
2023/9/30,55,82,79,68,,
2023/10/1,65,74,75,74,,
2023/10/2,60,62,78,42,,
2023/10/3,63,76,60,44,,
2023/10/4,73,73,79,44,,
2023/10/5,68,61,86,46,,
2023/10/6,60,68,74,57,,
2023/10/7,54,64,81,64,,
2023/10/8,63,89,91,63,,
2023/10/9,62,67,90,66,,
2023/10/10,55,69,63,57,,
2023/10/11,57,77,73,50,,
2023/10/12,62,65,82,37,,
2023/10/13,56,41,66,46,,
2023/10/14,57,90,77,57,,
2023/10/15,50,63,66,74,,
2023/10/16,56,62,76,51,,
2023/10/17,64,78,49,48,,
2023/10/18,64,69,70,39,,
2023/10/19,64,59,78,45,,
2023/10/20,58,66,73,32,,
2023/10/21,60,78,66,64,,
2023/10/22,60,75,60,43,,
2023/10/23,53,66,63,56,,
2023/10/24,67,72,77,48,,
2023/10/25,67,79,63,54,,
2023/10/26,50,64,73,49,,
2023/10/27,61,77,69,39,,
2023/10/28,43,71,76,53,,
2023/10/29,59,68,73,61,,
2023/10/30,59,88,80,39,,
2023/10/31,68,62,71,45,,
2023/11/1,56,66,83,48,,
2023/11/2,70,84,63,35,,
2023/11/3,57,77,70,46,,
2023/11/4,46,88,75,48,,
2023/11/5,47,65,70,57,,
2023/11/6,52,81,77,40,,
2023/11/7,69,64,80,54,,
2023/11/8,57,62,87,50,,
2023/11/9,60,61,72,39,,
2023/11/10,62,57,63,47,,
2023/11/11,52,71,74,44,,
2023/11/12,46,62,79,52,,
2023/11/13,61,46,71,40,,
2023/11/14,60,71,60,40,,
2023/11/15,51,96,56,29,,
2023/11/16,60,50,60,31,,
2023/11/17,43,56,69,33,,
2023/11/18,58,72,67,47,,
2023/11/19,55,62,79,46,,
2023/11/20,58,79,52,44,,
2023/11/21,64,72,60,37,,
2023/11/22,56,77,64,33,,
2023/11/23,63,66,70,55,,
2023/11/24,56,75,83,37,,
2023/11/25,52,45,80,44,,
2023/11/26,60,73,73,55,,
2023/11/27,65,74,76,31,,
2023/11/28,69,81,73,44,,
2023/11/29,62,71,66,43,,
2023/11/30,62,72,65,44,,
2023/12/1,59,61,74,43,,
2023/12/2,43,63,69,52,,
2023/12/3,56,57,80,48,,
2023/12/4,63,75,63,41,,
2023/12/5,64,76,66,45,,
2023/12/6,54,65,61,44,,
2023/12/7,55,57,69,40,,
2023/12/8,47,76,68,39,,
2023/12/9,50,64,71,53,,
2023/12/10,49,69,76,49,,
2023/12/11,63,55,78,31,,
2023/12/12,51,72,69,39,,
2023/12/13,55,78,67,37,,
2023/12/14,61,53,70,31,,
2023/12/15,61,54,59,41,,
2023/12/16,52,61,60,51,,
2023/12/17,51,59,86,43,,
2023/12/18,56,67,64,48,,
2023/12/19,50,62,57,38,,
2023/12/20,45,34,49,33,,
2023/12/21,47,58,48,28,,
2023/12/22,56,58,58,35,,
2023/12/23,55,86,66,45,,
2023/12/24,49,70,62,32,,
2023/12/25,49,66,61,43,,
2023/12/26,56,45,65,37,,
2023/12/27,44,61,54,34,,
2023/12/28,41,29,52,40,,
2023/12/29,52,59,49,32,,
2023/12/30,34,48,68,41,,
2023/12/31,41,53,42,27,,
2024/1/1,42,69,56,45,,
2024/1/2,40,73,84,40,,
2024/1/3,46,56,70,35,,
2024/1/4,42,71,66,32,,
2024/1/5,63,82,58,43,,
2024/1/6,36,68,71,51,,
2024/1/7,44,79,67,39,,
2024/1/8,52,68,74,41,,
2024/1/9,60,69,53,41,,
2024/1/10,52,80,58,33,,
2024/1/11,63,66,59,40,,
2024/1/12,51,80,59,29,,
2024/1/13,44,71,78,41,,
2024/1/14,51,77,64,34,,
2024/1/15,48,79,67,44,,
2024/1/16,52,68,59,47,,
2024/1/17,54,63,53,51,,
2024/1/18,61,59,62,40,,
2024/1/19,46,61,59,48,,
2024/1/20,58,59,57,36,,
2024/1/21,49,95,52,39,,
2024/1/22,46,67,58,40,,
2024/1/23,57,49,61,45,,
2024/1/24,60,59,52,46,,
2024/1/25,56,63,63,31,,
2024/1/26,48,65,54,29,,
2024/1/27,58,56,64,38,,
2024/1/28,47,73,68,43,,
2024/1/29,53,68,59,42,,
2024/1/30,60,70,54,32,,
2024/1/31,56,47,71,45,,
2024/2/1,60,48,77,45,,
2024/2/2,56,64,55,47,,
2024/2/3,45,64,62,45,,
2024/2/4,58,72,71,47,,
2024/2/5,49,69,62,37,,
2024/2/6,57,47,46,35,,
2024/2/7,69,61,59,29,,
2024/2/8,58,72,57,38,,
2024/2/9,46,80,59,44,,
2024/2/10,44,84,74,49,,
2024/2/11,41,62,66,50,,
2024/2/12,52,82,63,43,,
2024/2/13,56,62,49,44,,
2024/2/14,54,71,61,48,,
2024/2/15,62,65,79,42,,
2024/2/16,49,74,57,38,,
2024/2/17,46,65,62,53,,
2024/2/18,58,61,54,51,,
2024/2/19,55,59,69,43,,
2024/2/20,48,97,72,39,,
2024/2/21,57,51,75,45,,
2024/2/22,47,84,57,41,,
2024/2/23,55,71,68,52,,
2024/2/24,47,64,73,64,,
2024/2/25,55,68,73,57,,
2024/2/26,58,57,67,49,,
2024/2/27,51,85,69,45,,
2024/2/28,63,58,72,39,,
2024/2/29,58,55,45,36,,
2024/3/1,56,68,48,44,,
2024/3/2,48,40,68,47,,
2024/3/3,49,50,54,52,,
2024/3/4,65,67,74,39,,
2024/3/5,53,61,53,50,,
2024/3/6,60,60,80,52,,
2024/3/7,58,71,80,54,,
2024/3/8,51,73,59,49,,
2024/3/9,50,73,65,52,,
2024/3/10,46,67,85,73,,
2024/3/11,57,61,76,44,,
2024/3/12,70,71,55,33,,
2024/3/13,65,65,58,50,,
2024/3/14,44,84,50,44,,
2024/3/15,50,74,55,38,,
2024/3/16,58,55,78,60,,
2024/3/17,55,62,71,62,,
2024/3/18,61,66,67,49,,
2024/3/19,64,78,62,46,,
2024/3/20,47,71,86,54,,
2024/3/21,57,61,67,45,,
2024/3/22,54,67,57,40,,
2024/3/23,61,80,64,47,,
2024/3/24,48,54,67,44,,
2024/3/25,44,73,50,36,,
2024/3/26,51,72,64,34,,
2024/3/27,57,60,66,38,,
2024/3/28,57,66,59,45,,
2024/3/29,60,62,53,44,,
2024/3/30,43,68,55,50,,
2024/3/31,41,79,58,46,,
2024/4/1,59,53,57,37,,
2024/4/2,67,73,60,49,,
2024/4/3,46,55,58,50,,
2024/4/4,62,68,71,33,,
2024/4/5,34,76,61,45,,
2024/4/6,58,53,65,48,,
2024/4/7,53,53,69,51,,
2024/4/8,62,89,65,47,,
2024/4/9,57,84,61,41,,
2024/4/10,48,69,47,47,,
2024/4/11,53,69,51,36,,
2024/4/12,48,62,52,39,,
2024/4/13,55,76,54,54,,
2024/4/14,51,98,61,56,,
2024/4/15,67,65,54,49,,
2024/4/16,58,100,63,49,,
2024/4/17,62,67,56,38,,
2024/4/18,56,76,69,44,,
2024/4/19,57,76,50,38,,
2024/4/20,53,67,59,40,,
2024/4/21,45,71,65,55,,
2024/4/22,56,79,58,49,,
2024/4/23,62,57,65,39,,
2024/4/24,55,69,55,40,,
2024/4/25,58,54,57,44,,
2024/4/26,53,57,59,38,,
2024/4/27,53,83,55,39,,
2024/4/28,48,86,65,48,,
2024/4/29,48,83,71,49,,
2024/4/30,53,89,75,47,,
2024/5/1,78,77,56,56,,
2024/5/2,75,47,48,51,,
2024/5/3,70,64,52,64,,
2024/5/4,53,71,60,59,,
2024/5/5,60,72,56,70,,
2024/5/6,70,62,60,54,,
2024/5/7,76,76,59,59,,
2024/5/8,72,54,56,79,,
2024/5/9,76,68,50,51,,
2024/5/10,91,45,46,51,,
2024/5/11,64,61,62,67,,
2024/5/12,58,80,73,72,,
2024/5/13,93,68,42,78,,
2024/5/14,73,47,64,69,,
2024/5/15,57,69,55,57,,
2024/5/16,81,67,67,60,,
2024/5/17,75,71,52,73,,
2024/5/18,49,63,76,79,,
2024/5/19,67,76,63,76,,
2024/5/20,81,60,70,56,,
2024/5/21,71,69,46,63,,
2024/5/22,77,79,64,40,,
2024/5/23,67,67,77,63,,
2024/5/24,78,85,74,65,,
2024/5/25,63,100,62,73,,
2024/5/26,59,58,66,73,,
2024/5/27,86,76,65,51,,
2024/5/28,70,66,59,54,,
2024/5/29,70,40,64,49,,
2024/5/30,72,37,57,53,,
2024/5/31,70,56,50,35,,
2024/6/1,62,41,50,94,,
2024/6/2,60,67,59,63,,
2024/6/3,83,48,69,60,,
2024/6/4,68,51,53,39,,
2024/6/5,77,53,40,43,,
2024/6/6,54,74,56,45,,
2024/6/7,71,74,40,57,,
2024/6/8,64,44,62,72,,
2024/6/9,62,82,51,64,,
2024/6/10,84,65,63,48,,
2024/6/11,77,66,46,68,,
2024/6/12,64,80,54,49,,
2024/6/13,80,55,51,57,,
2024/6/14,81,57,50,51,,
2024/6/15,54,45,39,43,,
2024/6/16,56,43,54,62,,
2024/6/17,69,48,58,50,,
2024/6/18,73,50,68,45,,
2024/6/19,90,80,49,44,,
2024/6/20,77,40,53,50,,
2024/6/21,69,59,52,41,,
2024/6/22,63,83,64,47,,
2024/6/23,63,63,58,76,,
2024/6/24,67,64,48,47,,
2024/6/25,71,67,48,39,,
2024/6/26,74,53,53,58,,
2024/6/27,87,57,51,50,,
2024/6/28,76,63,55,53,,
2024/6/29,67,57,58,35,,
2024/6/30,73,75,54,61,,
2024/7/1,66,61,59,46,,
2024/7/2,80,64,54,49,,
2024/7/3,85,79,50,32,,
2024/7/4,72,80,48,46,,
2024/7/5,79,54,53,43,,
2024/7/6,70,62,51,46,,
2024/7/7,63,56,33,51,,
2024/7/8,66,43,45,30,,
2024/7/9,62,57,46,45,,
2024/7/10,58,55,43,50,,
2024/7/11,74,63,53,46,,
2024/7/12,64,60,34,46,,
2024/7/13,48,70,52,51,,
2024/7/14,61,60,52,48,,
2024/7/15,80,61,38,62,,
2024/7/16,63,81,54,50,,
2024/7/17,69,67,55,54,,
2024/7/18,74,46,51,25,,
2024/7/19,72,62,34,34,,
2024/7/20,59,72,58,52,,
2024/7/21,67,66,44,74,,
2024/7/22,74,51,52,37,,
2024/7/23,60,59,47,49,,
2024/7/24,62,51,47,42,,
2024/7/25,69,61,43,42,,
2024/7/26,72,57,42,50,,
2024/7/27,47,58,51,39,,
2024/7/28,52,60,62,46,,
2024/7/29,68,55,54,50,,
2024/7/30,66,33,51,49,,
2024/7/31,68,46,45,41,,
2024/8/1,65,53,36,45,,
2024/8/2,50,53,52,31,,
2024/8/3,69,79,48,47,,
2024/8/4,52,77,46,54,,
2024/8/5,72,75,39,35,,
2024/8/6,66,59,42,37,,
2024/8/7,59,50,46,45,,
2024/8/8,54,56,51,34,,
2024/8/9,72,39,30,37,,
2024/8/10,58,80,45,36,,
2024/8/11,52,43,50,48,,
2024/8/12,61,59,53,49,,
2024/8/13,47,31,37,50,,
2024/8/14,65,65,61,53,,
2024/8/15,57,51,47,49,,
2024/8/16,62,57,64,40,,
2024/8/17,62,48,50,45,,
2024/8/18,58,79,56,59,,
2024/8/19,73,74,43,51,,
2024/8/20,52,55,59,40,,
2024/8/21,70,70,48,51,,
2024/8/22,66,44,45,49,,
2024/8/23,58,56,60,44,,
2024/8/24,67,63,53,55,,
2024/8/25,53,55,57,42,,
2024/8/26,55,68,47,64,,
2024/8/27,88,68,41,43,,
2024/8/28,67,56,57,46,,
2024/8/29,65,62,57,52,,
2024/8/30,71,65,48,34,,
2024/8/31,70,52,60,43,,
2024/9/1,55,68,57,51,,
2024/9/2,71,58,47,50,,
2024/9/3,76,81,55,53,,
2024/9/4,74,73,48,37,,
2024/9/5,59,69,59,34,,
2024/9/6,54,61,50,54,,
2024/9/7,72,77,47,52,,
2024/9/8,69,66,62,70,,
2024/9/9,75,75,64,75,,
2024/9/10,100,50,100,99,,
2024/9/11,82,68,65,74,,
2024/9/12,83,80,68,62,,
2024/9/13,71,41,65,56,,
2024/9/14,71,70,77,63,,
2024/9/15,63,76,73,81,,
2024/9/16,52,66,68,60,,
2024/9/17,87,55,55,72,,
2024/9/18,91,63,64,59,,
2024/9/19,66,66,51,78,,
2024/9/20,85,49,60,64,,
2024/9/21,89,71,78,72,,
2024/9/22,76,86,70,84,,
2024/9/23,88,72,83,78,,
2024/9/24,78,63,49,59,,
2024/9/25,68,36,54,54,,
2024/9/26,81,64,59,44,,
2024/9/27,69,48,61,81,,
2024/9/28,73,50,64,88,,
2024/9/29,65,51,69,88,,
2024/9/30,67,38,60,48,,
2024/10/1,74,67,35,50,,
2024/10/2,68,81,63,58,,
2024/10/3,68,61,58,57,,
2024/10/4,70,68,62,54,,
2024/10/5,58,62,61,95,,
2024/10/6,78,58,57,81,,
2024/10/7,68,68,55,71,,
2024/10/8,87,63,60,57,,
2024/10/9,77,40,52,55,,
2024/10/10,68,45,66,66,,
2024/10/11,78,38,42,74,,
2024/10/12,68,69,54,74,,
2024/10/13,63,69,59,61,,
2024/10/14,66,70,61,77,,
2024/10/15,63,59,58,61,,
2024/10/16,95,73,63,53,,
2024/10/17,74,46,55,63,,
2024/10/18,72,58,56,64,,
2024/10/19,61,59,66,100,,
2024/10/20,72,85,61,78,,
2024/10/21,77,64,51,61,,
2024/10/22,76,75,65,42,,
2024/10/23,88,73,49,57,,
2024/10/24,77,61,63,46,,
2024/10/25,71,62,44,42,,
2024/10/26,63,57,66,86,,
2024/10/27,56,54,52,53,,
2024/10/28,67,62,51,64,,
2024/10/29,90,71,53,49,,
2024/10/30,83,66,44,68,,
2024/10/31,78,48,55,58,,
2024/11/1,75,45,57,42,,
2024/11/2,61,74,58,67,,
2024/11/3,65,77,65,72,,
2024/11/4,73,78,55,80,,
2024/11/5,76,57,54,50,,
2024/11/6,75,73,58,66,,
2024/11/7,85,65,47,42,,
2024/11/8,78,47,55,48,,
2024/11/9,68,59,71,65,,
2024/11/10,67,77,62,65,,
2024/11/11,73,71,54,65,,
2024/11/12,77,63,51,47,,
2024/11/13,73,76,56,44,,
2024/11/14,69,51,60,39,,
2024/11/15,70,53,68,51,,
2024/11/16,78,56,55,56,,
2024/11/17,70,76,66,73,,
2024/11/18,85,63,54,63,,
2024/11/19,72,64,54,56,,
2024/11/20,79,70,54,51,,
2024/11/21,71,87,53,48,,
2024/11/22,65,69,43,55,,
2024/11/23,66,58,42,48,,
2024/11/24,63,75,65,60,,
2024/11/25,75,58,60,51,,
2024/11/26,64,53,53,64,,
2024/11/27,76,65,50,44,,
2024/11/28,74,55,54,61,,
2024/11/29,73,55,56,54,,
2024/11/30,76,69,53,70,,
2024/12/1,89,54,68,75,,
2024/12/2,74,78,63,68,,
2024/12/3,80,73,47,48,,
2024/12/4,62,88,51,49,,
2024/12/5,86,65,52,61,,
2024/12/6,70,65,66,40,,
2024/12/7,69,90,66,62,,
2024/12/8,58,93,60,63,,
2024/12/9,82,72,63,60,,
2024/12/10,78,72,54,56,,
2024/12/11,62,57,45,51,,
2024/12/12,75,50,57,56,,
2024/12/13,71,61,49,46,,
2024/12/14,71,67,73,63,,
2024/12/15,76,70,69,65,,
2024/12/16,67,64,53,51,,
2024/12/17,77,56,45,48,,
2024/12/18,83,64,61,46,,
2024/12/19,72,60,48,52,,
2024/12/20,75,52,47,44,,
2024/12/21,66,54,68,61,,
2024/12/22,66,61,55,52,,
2024/12/23,85,62,51,38,,
2024/12/24,69,62,51,61,,
2024/12/25,72,47,54,40,,
2024/12/26,69,68,48,42,,
2024/12/27,61,89,43,42,,
2024/12/28,65,44,44,53,,
2024/12/29,60,65,45,58,,
2024/12/30,56,58,41,44,,
2024/12/31,52,60,48,60,,
2025/1/1,58,57,74,67,,
2025/1/2,54,77,95,73,,
2025/1/3,58,62,80,49,,
2025/1/4,58,68,68,62,,
2025/1/5,63,64,65,73,,
2025/1/6,71,71,55,71,,
2025/1/7,78,90,65,71,,
2025/1/8,81,59,63,49,,
2025/1/9,72,70,71,43,,
2025/1/10,59,45,69,55,,
2025/1/11,61,72,94,58,,
2025/1/12,75,72,86,74,,
2025/1/13,49,74,82,71,,
2025/1/14,68,97,71,67,,
2025/1/15,73,47,52,72,,
2025/1/16,77,60,67,52,,
2025/1/17,88,56,68,44,,
2025/1/18,77,85,73,56,,
2025/1/19,65,73,90,62,,
2025/1/20,71,54,55,54,,
2025/1/21,64,52,71,62,,
2025/1/22,78,71,66,62,,
2025/1/23,85,60,68,48,,
2025/1/24,60,59,51,38,,
2025/1/25,57,59,68,70,,
2025/1/26,69,62,72,65,,
2025/1/27,76,67,64,55,,
2025/1/28,79,69,63,48,,
2025/1/29,68,53,71,48,,
2025/1/30,85,52,66,64,,
2025/1/31,74,64,54,65,,
2025/2/1,55,70,75,66,,
2025/2/2,64,76,78,65,,
2025/2/3,69,60,55,45,,
2025/2/4,60,78,78,53,,
2025/2/5,69,56,71,59,,
2025/2/6,75,68,68,50,,
2025/2/7,75,55,60,45,,
2025/2/8,52,64,76,70,,
2025/2/9,77,82,69,84,,
2025/2/10,71,69,73,64,,
2025/2/11,61,73,96,61,,
2025/2/12,80,73,84,62,,
2025/2/13,65,72,69,51,,
2025/2/14,76,59,62,55,,
2025/2/15,64,60,91,78,,
2025/2/16,68,75,78,80,,
2025/2/17,76,66,64,61,,
2025/2/18,89,67,58,54,,
2025/2/19,97,68,78,63,,
2025/2/20,100,82,91,57,,
2025/2/21,69,56,79,65,,
2025/2/22,67,61,92,71,,
2025/2/23,52,79,80,90,,
2025/2/24,60,70,88,75,,
2025/2/25,81,82,75,72,,
2025/2/26,84,62,88,76,,
2025/2/27,69,48,77,66,,
2025/2/28,66,48,72,55,,
2025/3/1,68,100,76,70,,
2025/3/2,89,72,96,88,,
2025/3/3,66,87,66,59,,
2025/3/4,67,63,66,56,,
2025/3/5,83,66,82,57,,
2025/3/6,69,70,79,61,,
2025/3/7,78,77,74,47,,
2025/3/8,72,80,82,63,,
2025/3/9,79,78,79,78,,
2025/3/10,66,76,74,61,,
2025/3/11,74,58,69,51,,
2025/3/12,67,65,70,61,,
2025/3/13,70,58,82,60,,
2025/3/14,54,66,60,55,,
2025/3/15,68,79,81,100,,
2025/3/16,79,78,91,87,,
2025/3/17,91,76,63,63,,
2025/3/18,85,63,62,56,,
2025/3/19,79,78,92,60,,
2025/3/20,62,78,98,75,,
2025/3/21,79,60,81,63,,
2025/3/22,66,79,71,69,,
2025/3/23,71,77,85,85,,
2025/3/24,61,69,85,64,,
2025/3/25,69,69,73,57,,
2025/3/26,81,73,74,56,,
2025/3/27,90,63,81,53,,
2025/3/28,76,52,78,66,,
2025/3/29,72,75,89,83,,
2025/3/30,69,58,75,92,,
2025/3/31,73,69,74,48,,
2025/4/1,62,68,82,57,,
2025/4/2,71,57,62,55,,
2025/4/3,56,65,88,45,,
2025/4/4,61,53,69,62,,
2025/4/5,60,67,81,66,,
2025/4/6,60,78,74,77,,
2025/4/7,69,57,69,75,,
2025/4/8,81,65,68,69,,
2025/4/9,89,68,64,51,,
2025/4/10,75,49,76,66,,
2025/4/11,63,67,67,70,,
2025/4/12,53,68,74,83,,
2025/4/13,66,94,79,61,,
2025/4/14,63,49,82,59,,
2025/4/15,61,85,69,63,,
2025/4/16,82,77,68,56,,
2025/4/17,68,84,86,53,,
2025/4/18,60,69,71,54,,
2025/4/19,66,62,78,60,,
2025/4/20,71,73,89,55,,
2025/4/21,73,67,77,51,,
2025/4/22,67,60,61,51,,
2025/4/23,56,70,59,53,,
2025/4/24,74,53,76,34,,
2025/4/25,52,72,53,36,,
2025/4/26,74,69,76,72,,
2025/4/27,65,83,77,61,,
2025/4/28,68,62,91,72,,
2025/4/29,63,64,100,65,,
2025/4/30,65,64,74,84,,
2025/5/1,57,57,55,66,,
2025/5/2,65,70,72,61,,
2025/5/3,54,70,59,78,,
2025/5/4,62,53,51,72,,
2025/5/5,68,60,77,95,,
2025/5/6,65,81,89,80,,
2025/5/7,64,78,76,61,,
2025/5/8,62,71,53,54,,
2025/5/9,73,77,79,63,,
2025/5/10,67,78,71,68,,
2025/5/11,69,80,84,74,,
2025/5/12,71,62,77,57,,
2025/5/13,70,67,76,64,,
2025/5/14,63,78,86,49,,
2025/5/15,79,64,58,54,,
2025/5/16,66,76,66,52,,
2025/5/17,62,80,74,73,,
2025/5/18,61,82,64,76,,
2025/5/19,69,71,69,78,,
2025/5/20,59,67,73,49,,
2025/5/21,73,50,76,59,,
2025/5/22,71,69,84,43,,
2025/5/23,76,68,64,52,,
2025/5/24,60,82,76,68,,
2025/5/25,55,79,79,62,,
2025/5/26,64,64,79,55,,
2025/5/27,68,60,66,48,,
2025/5/28,65,67,58,53,,
2025/5/29,59,77,82,48,,
2025/5/30,56,68,67,57,,
2025/5/31,58,87,67,71,,
2025/6/1,53,62,75,76,,
2025/6/2,55,70,65,55,,
2025/6/3,68,66,57,62,,
2025/6/4,70,61,63,62,,
2025/6/5,85,72,74,47,,
2025/6/6,72,72,71,52,,
2025/6/7,55,54,67,72,,
2025/6/8,67,77,58,69,,
2025/6/9,58,62,67,56,,
2025/6/10,84,79,76,38,,
2025/6/11,74,65,55,70,,
2025/6/12,77,78,69,54,,
2025/6/13,50,56,61,47,,
2025/6/14,53,79,73,47,,
2025/6/15,81,75,64,55,,
2025/6/16,72,53,63,49,,
2025/6/17,70,55,71,44,,
2025/6/18,64,70,65,50,,
2025/6/19,58,64,57,52,,
2025/6/20,62,61,53,36,,
2025/6/21,57,59,64,54,,
2025/6/22,54,75,58,50,,
2025/6/23,67,62,60,55,,
2025/6/24,77,62,67,48,,
2025/6/25,56,58,61,40,,
2025/6/26,74,62,59,47,,
2025/6/27,59,69,63,59,,
2025/6/28,53,57,73,52,,
2025/6/29,68,97,66,57,,
2025/6/30,76,63,53,43,,
2025/7/1,57,67,51,36,,
2025/7/2,57,78,53,42,,
2025/7/3,61,61,46,29,,
2025/7/4,47,61,51,30,,
2025/7/5,47,57,62,41,,
2025/7/6,51,76,63,43,,
2025/7/7,51,80,61,40,,
2025/7/8,49,63,57,39,,
2025/7/9,50,72,58,31,,
2025/7/10,51,61,43,29,,
2025/7/11,58,54,46,34,,
2025/7/12,68,74,61,39,,
2025/7/13,52,84,61,46,,
2025/7/14,57,82,52,44,,
2025/7/15,52,68,55,42,,
2025/7/16,59,74,60,32,,
2025/7/17,61,70,55,38,,
2025/7/18,50,71,54,35,,
2025/7/19,41,64,65,45,,
2025/7/20,49,48,56,45,,
2025/7/21,50,80,65,46,,
2025/7/22,60,66,55,31,,
2025/7/23,58,70,58,28,,
2025/7/24,59,54,48,24,,
2025/7/25,51,55,49,23,,
2025/7/26,46,89,65,31,,
2025/7/27,47,71,57,46,,
2025/7/28,74,70,52,40,,
2025/7/29,69,67,58,31,,
2025/7/30,45,72,46,30,,
2025/7/31,49,54,52,24,,
2025/8/1,59,59,46,34,,
2025/8/2,47,66,54,29,,
2025/8/3,52,92,68,44,,
2025/8/4,62,63,51,27,,
2025/8/5,63,58,61,30,,
2025/8/6,43,81,51,27,,
2025/8/7,48,71,44,32,,
2025/8/8,53,68,43,33,,
2025/8/9,40,57,47,41,,
2025/8/10,44,94,71,33,,
2025/8/11,62,72,56,43,,
2025/8/12,46,81,57,32,,
2025/8/13,57,69,55,31,,
2025/8/14,42,65,46,27,,
2025/8/15,41,76,45,29,,
2025/8/16,45,61,56,45,,
2025/8/17,36,81,57,42,,
2025/8/18,48,55,53,42,,
2025/8/19,56,83,55,39,,
2025/8/20,58,84,68,28,,
2025/8/21,60,83,60,40,,
2025/8/22,52,91,67,37,,
2025/8/23,55,96,75,42,,
2025/8/24,49,78,62,47,,
2025/8/25,58,93,55,38,,
2025/8/26,46,79,52,30,,
2025/8/27,62,62,59,42,,
2025/8/28,48,74,61,43,,
2025/8/29,55,65,48,38,,
2025/8/30,47,80,50,37,,
2025/8/31,64,100,71,47,,
2025/9/1,52,71,66,33,,
2025/9/2,54,78,50,40,,
2025/9/3,55,87,55,31,,
2025/9/4,50,65,53,36,,
2025/9/5,55,65,48,36,,
2025/9/6,59,83,49,55,,
2025/9/7,60,56,65,77,,
2025/9/8,69,78,60,64,,
2025/9/9,72,79,80,63,,
2025/9/10,100,82,100,100,,
2025/9/11,72,80,94,81,,
2025/9/12,62,76,77,68,,
2025/9/13,43,71,86,65,,
2025/9/14,67,84,81,72,,
2025/9/15,47,74,66,71,,
2025/9/16,52,67,76,48,,
2025/9/17,62,65,72,37,,
2025/9/18,72,70,60,60,,
2025/9/19,63,81,72,79,,
2025/9/20,64,41,69,83,,
2025/9/21,73,85,82,63,,
2025/9/22,61,63,65,53,,
2025/9/23,47,91,70,61,,
2025/9/24,69,72,64,40,,
2025/9/25,53,61,59,41,,
2025/9/26,54,78,54,53,,
2025/9/27,55,61,61,48,,
2025/9/28,34,58,78,67,,
2025/9/29,63,63,59,52,,
2025/9/30,56,65,63,43,,
2025/10/1,59,67,71,43,,
2025/10/2,65,63,57,50,,
2025/10/3,66,66,54,54,,
2025/10/4,52,79,59,68,,
2025/10/5,56,62,55,55,,
2025/10/6,58,82,55,54,,
2025/10/7,61,77,57,51,,
2025/10/8,59,83,72,61,,
2025/10/9,68,68,64,45,,
2025/10/10,61,60,57,49,,
2025/10/11,58,60,68,68,,
2025/10/12,47,66,68,62,,
2025/10/13,54,99,57,56,,
2025/10/14,48,63,54,42,,
2025/10/15,53,56,43,46,,
2025/10/16,61,60,65,42,,
2025/10/17,65,59,61,57,,
2025/10/18,62,75,58,53,,
2025/10/19,45,59,59,57,,
2025/10/20,56,61,59,50,,
2025/10/21,65,85,58,38,,
2025/10/22,62,47,67,44,,
2025/10/23,56,63,67,33,,
2025/10/24,55,69,63,57,,
2025/10/25,60,72,57,55,,
2025/10/26,65,85,54,52,,
2025/10/27,67,76,46,48,,
2025/10/28,57,68,57,40,,
2025/10/29,69,33,55,37,,
2025/10/30,58,74,51,40,,
2025/10/31,51,60,48,34,,
2025/11/1,52,56,58,38,,
2025/11/2,55,60,42,53,,
2025/11/3,64,74,62,59,,
2025/11/4,56,67,63,43,,
2025/11/5,58,54,64,21,,
2025/11/6,72,60,59,36,,
2025/11/7,57,57,49,53,,
2025/11/8,57,66,72,52,,
2025/11/9,63,82,77,55,,
2025/11/10,52,51,69,44,,
2025/11/11,62,46,64,39,,
2025/11/12,57,68,46,48,,
2025/11/13,67,52,46,35,,
2025/11/14,38,76,54,43,,
2025/11/15,54,73,53,40,,
2025/11/16,62,80,63,55,,
2025/11/17,58,62,60,43,,
2025/11/18,61,76,46,37,,
2025/11/19,64,52,53,36,,
2025/11/20,49,65,66,35,,
2025/11/21,44,70,54,37,,
2025/11/22,58,61,61,40,,
2025/11/23,57,51,80,63,,
2025/11/24,61,58,61,59,,
2025/11/25,67,73,69,43,,
2025/11/26,53,79,60,49,,
2025/11/27,59,77,61,31,,
2025/11/28,55,73,46,48,,
2025/11/29,55,85,57,48,,
2025/11/30,53,86,63,42,,
2025/12/1,52,66,64,45,,
2025/12/2,64,64,65,43,,
2025/12/3,61,67,67,33,,
2025/12/4,55,64,58,31,,
2025/12/5,52,77,55,32,,
2025/12/6,46,68,53,41,,
2025/12/7,60,68,66,44,,
2025/12/8,58,52,52,45,,
2025/12/9,53,82,58,42,,
2025/12/10,57,67,59,37,,
2025/12/11,54,90,64,42,,
2025/12/12,48,74,62,38,,
2025/12/13,43,70,58,44,,
2025/12/14,51,84,72,49,,
2025/12/15,58,69,58,40,,
2025/12/16,42,62,57,35,,
2025/12/17,66,76,59,39,,
2025/12/18,52,59,64,29,,
2025/12/19,48,67,54,34,,
2025/12/20,42,67,63,52,,
2025/12/21,48,58,70,42,,
2025/12/22,55,69,55,37,,
2025/12/23,45,78,61,27,,
2025/12/24,62,71,53,31,,
2025/12/25,50,49,43,34,,
2025/12/26,42,38,42,34,,
2025/12/27,39,74,57,41,,
2025/12/28,37,58,55,29,,
2025/12/29,46,54,54,44,,
2025/12/30,52,70,64,47,,
2025/12/31,33,59,47,38,,
